编号,题型,分类,章节,完整界面图数,本轮实机验证,来源,证据边界,图片文件
C01,图片词汇单选,原子任务,词汇与翻译,1,未完成,https://research.duolingo.com/papers/portnoff.edm21.pdf | https://www.apple.com/ca/newsroom/2023/06/apple-announces-winners-of-the-2023-apple-design-awards/,2021 官方论文 Figure 2 为历史证据；未据此断言所有当前课程仍出现同版。,assets/apple-2023-picture-selection.jpg
C02,语境词义辨认,原子任务,词汇与翻译,1,未完成,https://blog.duolingo.com/right-level-of-difficulty/,2024 官方题屏，文章 2026 仍可读取；例图英语学习者学法语。,assets/22ba00ee86-table1_image1.PNG
C03,双语词语配对,原子任务,词汇与翻译,1,未完成,https://blog.duolingo.com/covering-all-the-bases-duolingos-approach-to-reading-skills/ | https://blog.duolingo.com/guide-to-duolingo-practice-hub/,2025 阅读总览展示英文/西文；2026 免费 Practice 公告仍展示词汇配对。,assets/c013b16b02-image-2.png
C04,图片/词义提示的单词翻译,原子任务,词汇与翻译,1,未完成,https://blog.duolingo.com/covering-all-the-bases-duolingos-approach-to-writing-skills/,2026 写作总览：英语提示、法语输出的完整例图。,assets/5103296877-Writing-practice_type-vocabulary.png
C05,带冠词选择的单词翻译,组合变体,词汇与翻译,1,未完成,https://blog.duolingo.com/duolingo-101-how-to-learn-a-language-on-duolingo/,2024 Duolingo 101 官方图：英文提示、西文输出；当前各课程覆盖未逐个验证。,assets/official-101-04.png
C06,词块组句翻译,原子任务,词汇与翻译,2,未完成,https://research.duolingo.com/papers/portnoff.edm21.pdf | https://blog.duolingo.com/how-duolingo-experts-work-with-ai/ | https://blog.duolingo.com/covering-all-the-bases-duolingos-approach-to-writing-skills/,2021 论文与 2022/2026 官方例图均有；键盘切换因题目和版本而异。,assets/077e078943-Writing-practice_word-bank.png | assets/duolingo-dark-translation-word-bank.jpg
C07,整句自由翻译,原子任务,词汇与翻译,2,未完成,https://blog.duolingo.com/improving-how-duolingo-teaches-chinese-and-other-languages/ | https://blog.duolingo.com/is-google-translate-wrong/ | https://research.duolingo.com/papers/portnoff.edm21.pdf | https://blog.duolingo.com/covering-all-the-bases-duolingos-approach-to-writing-skills/,2020 输入切换说明、2021 论文、2026 题屏均确认；旧文中等级 2 以上不是当前全平台保证。,assets/05c28e5122-Writing-practice_type-answer.png | assets/duolingo-dark-translation-free-input.jpg
C08,补全部分翻译,原子任务,词汇与翻译,2,未完成,https://blog.duolingo.com/how-duolingo-experts-work-with-ai/ | https://blog.duolingo.com/covering-all-the-bases-duolingos-approach-to-writing-skills/,2022 官方三屏示例与 2026 葡语例图。,assets/226ce01251-Writing-practice_fill-in-the-blank.png | assets/duolingo-dark-supported-translation.jpg
C09,单语语境选词填空,原子任务,语法与句子构建,2,未完成,https://blog.duolingo.com/covering-all-the-bases-duolingos-approach-to-reading-skills/,2025 阅读总览的法语完整例图；文章于 2026 更新。,assets/46a924a446-image-1.png | assets/duolingo-dark-cloze-correct-feedback.jpg
C10,场景图片辅助的单语填空,情境变体,语法与句子构建,1,未完成,https://blog.duolingo.com/new-immersion-exercises-maximize-your-language-learning/,2021 沉浸式发布文说明当时覆盖英文学西/法，以及西/葡文学英语的 iOS、Android、web；该矩阵只适用于当时。,assets/af6666e8dd-Blog_Monolingual-Challenges_1.png
C11,对比双空填词,结构变体,语法与句子构建,1,未完成,https://blog.duolingo.com/language-rules-learning-grammar-on-duolingo/,2020 法语 Grammar Lessons 完整历史例图。,assets/ec0d9bab34-GS-Blog-5.png
C12,点选词尾,原子任务,语法与句子构建,1,未完成,https://blog.duolingo.com/language-rules-learning-grammar-on-duolingo/ | https://blog.duolingo.com/how-duolingo-experts-work-with-ai/,2020 法语语法专课，2022 西语 gustar 官方示例也确认同机制。,assets/1883621fd9-GS-Blog-7.png
C13,键入词尾,输入方式变体,语法与句子构建,1,未完成,https://blog.duolingo.com/language-rules-learning-grammar-on-duolingo/,2020 法语语法专课历史例图；现行课程分布未确认。,assets/d3b15da310-GS-Blog-8.png
C14,语法范式表格补全,原子任务,语法与句子构建,1,未完成,https://blog.duolingo.com/language-rules-learning-grammar-on-duolingo/ | https://blog.duolingo.com/tips-for-learning-spanish-on-duolingo/,2020 法语语法专课历史图；2021 西语指南也展示表格练习。,assets/6c435f85e6-GS-Blog-4.png
C15,词块听写/听后重组,原子任务,听力与听写,1,未完成,https://blog.duolingo.com/covering-all-the-bases-duolingos-approach-to-listening-skills/ | https://blog.duolingo.com/duolingo-101-how-to-learn-a-language-on-duolingo/,2026 官方听力总览有 Android 完整界面。,assets/52a53553f1-Practice-tab-3.jpg
C16,整句自由听写,原子任务,听力与听写,1,未完成,https://blog.duolingo.com/partial-credit-improvements-to-duolingos-placement-test/ | https://blog.duolingo.com/covering-all-the-bases-duolingos-approach-to-writing-skills/,2018 官方 placement 与 2026 写作总览文字确认；补充 2020 官方历史完整听写题图。该旧图不能证明2026所有课程仍用同一界面。,assets/official-2020-listening-free-type.png
C17,局部听写：键入缺词,原子任务,听力与听写,1,未完成,https://blog.duolingo.com/covering-all-the-bases-duolingos-approach-to-listening-skills/ | https://blog.duolingo.com/covering-all-the-bases-duolingos-approach-to-writing-skills/,2026 官方德语题屏，另有葡语例图。,assets/8d818c0555-Listening-exercise-3.jpg
C18,听句中缺词，选择声音答案,原子任务,听力与听写,1,未完成,https://blog.duolingo.com/how-duolingo-experts-work-with-ai/ | https://blog.duolingo.com/covering-all-the-bases-duolingos-approach-to-listening-skills/,2022 内容制作说明及 2026 听力总览均确认。,assets/88bcb53eec-Listening-exercise-2.jpg
C19,声音与词语配对,原子任务,听力与听写,1,未完成,https://blog.duolingo.com/covering-all-the-bases-duolingos-approach-to-listening-skills/,2026 官方听力总览完整题屏；音频内容未在本次播放核听，故不推断其语言。,assets/a202bd8b53-Listening-exercise-1.jpg
C21,听后理解并选答,原子任务,听力与听写,1,未完成,https://blog.duolingo.com/how-weve-improved-the-duolingo-learning-experience-this-year-and-a-sneak-peek-toward-2020/ | https://blog.duolingo.com/how-duolingo-experts-work-with-ai/ | https://blog.duolingo.com/guide-to-duolingo-practice-hub/,2019/2022 官方已有听段落回答问题；2026 Practice 公告给出实际完整图。,assets/ad9d29a63c-listening.png
C20,段落阅读理解,原子任务,阅读、对话与口语,1,未完成,https://blog.duolingo.com/how-weve-improved-the-duolingo-learning-experience-this-year-and-a-sneak-peek-toward-2020/ | https://blog.duolingo.com/new-immersion-exercises-maximize-your-language-learning/ | https://blog.duolingo.com/covering-all-the-bases-duolingos-approach-to-reading-skills/,2019 试点、2021 沉浸式课与 2025 阅读总览均记录；具体课程覆盖依时代不同。,assets/af09f6cf89-image-3.png
C22,选择下一句对话,原子任务,阅读、对话与口语,1,未完成,https://blog.duolingo.com/why-learn-english/,2023 官方英语学习文章给出葡语界面、英语内容的完整图。,assets/c1866eb0b7-EN-PT_2.png
C23,选择合适回应并说出来,原子任务,阅读、对话与口语,1,未完成,https://blog.duolingo.com/new-immersion-exercises-maximize-your-language-learning/ | https://blog.duolingo.com/covering-all-the-bases-duolingos-approach-to-speaking-skills/,2021 沉浸式例图、2026 speaking 总览法语例图均确认。,assets/d00d56c773-speaking_image2.png
C24,给定句子朗读/跟读,原子任务,阅读、对话与口语,2,未完成,https://blog.duolingo.com/covering-all-the-bases-duolingos-approach-to-speaking-skills/ | https://blog.duolingo.com/guide-to-duolingo-practice-hub/,2026 speaking 总览及免费 Practice 专项公告展示两种版式。,assets/26b3869c64-speaking_image1.png | assets/194b975af3-speaking.png
C25,复述已给定的对话回应,情境变体,阅读、对话与口语,1,未完成,https://blog.duolingo.com/covering-all-the-bases-duolingos-approach-to-speaking-skills/,2026 speaking 总览的法语完整例图。,assets/f4af9add6f-speaking_image3.png
C26,以语音输入完成翻译,输入方式变体,阅读、对话与口语,1,未完成,https://blog.duolingo.com/sneaky-pronunciation-practice/ | https://blog.duolingo.com/covering-all-the-bases-duolingos-approach-to-speaking-skills/ | https://blog.duolingo.com/covering-all-the-bases-duolingos-approach-to-writing-skills/,2023 专项文章说明可编辑转写；2026 翻译题屏仍展示语音输入入口。,assets/05c28e5122-Writing-practice_type-answer.png
C27,Flashcards 主动回忆卡组,微练习循环,主动回忆与声音专项,1,未完成,https://blog.duolingo.com/duolingo-flashcards/ | https://blog.duolingo.com/product-highlights/,2025-11 发布；2025 年度回顾说已覆盖前8种学习语言；未列出所有源语言/设备组合。,assets/1184b25055-Writing-practice_flashcards.png
C28,最小对立/近音词辨认,原子任务,主动回忆与声音专项,1,未完成,https://blog.duolingo.com/duolingo-english-sounds-tab/,2024 英语 Sounds 专项官方图，iOS 题屏；不能由图推断当前 web/所有源语言覆盖。,assets/f6eed61af4-IMG_3253.PNG
C29,两段声音相同/不同判断,原子任务,主动回忆与声音专项,1,未完成,https://blog.duolingo.com/duolingo-english-sounds-tab/,2024 英语 Sounds 专项官方完整图。,assets/6023c5837b-IMG_3254.PNG
C30,近音词声音—文字配对,内容变体,主动回忆与声音专项,1,未完成,https://blog.duolingo.com/duolingo-english-sounds-tab/ | https://blog.duolingo.com/ko/practice-english-sounds/,2024 英语 Sounds 官方完整图展示四组。,assets/official-sounds-match-ko.png
W01,假名按路径描写,文字学习任务/语言变体,文字系统与识读,1,未完成,https://blog.duolingo.com/learning-to-read-japanese-characters/,官方不同年代的课程实例；现行逐端、逐语言方向矩阵未完成实机核验。,assets/b90f15e140-hiragana_tracing.PNG
W02,根据转写选择假名组合,文字学习任务/语言变体,文字系统与识读,1,未完成,https://blog.duolingo.com/learning-to-read-japanese-characters/,官方不同年代的课程实例；现行逐端、逐语言方向矩阵未完成实机核验。,assets/9a0ac120ee-hiragana_sound.PNG
W03,看假名选择读音,文字学习任务/语言变体,文字系统与识读,1,未完成,https://blog.duolingo.com/duolingo-101-how-to-learn-a-language-on-duolingo/,官方不同年代的课程实例；现行逐端、逐语言方向矩阵未完成实机核验。,assets/official-101-10.png
W04,补全假名缺失笔画,文字学习任务/语言变体,文字系统与识读,1,未完成,https://blog.duolingo.com/duolingo-101-how-to-learn-a-language-on-duolingo/,官方不同年代的课程实例；现行逐端、逐语言方向矩阵未完成实机核验。,assets/official-101-12.png
W05,汉字描写与局部补写,文字学习任务/语言变体,文字系统与识读,2,未完成,https://blog.duolingo.com/learning-to-read-japanese-characters/,官方不同年代的课程实例；现行逐端、逐语言方向矩阵未完成实机核验。,assets/frame-kanji-430.png | assets/frame-30b2a7e5fa-scaffolded_trace_small-523.png
W06,日语汉字部件拼合,文字学习任务/语言变体,文字系统与识读,2,未完成,https://blog.duolingo.com/duolingo-101-how-to-learn-a-language-on-duolingo/ | https://blog.duolingo.com/learning-to-read-japanese-characters/,官方不同年代的课程实例；现行逐端、逐语言方向矩阵未完成实机核验。,assets/official-101-11.png | assets/frame-ff1a8234c0-puzzle_output-1-75.png
W07,看汉字选择拼音,文字学习任务/语言变体,文字系统与识读,1,未完成,https://blog.duolingo.com/improving-how-duolingo-teaches-chinese-and-other-languages/,官方不同年代的课程实例；现行逐端、逐语言方向矩阵未完成实机核验。,assets/ff7c59ad81-char_intro.jpg
W08,汉字与拼音配对,文字学习任务/语言变体,文字系统与识读,1,未完成,https://blog.duolingo.com/improving-how-duolingo-teaches-chinese-and-other-languages/,官方不同年代的课程实例；现行逐端、逐语言方向矩阵未完成实机核验。,assets/795780a2b3-character_match.jpg
W09,韩文音节块组装,文字学习任务/语言变体,文字系统与识读,1,未完成,https://blog.duolingo.com/learning-other-writing-systems/,官方不同年代的课程实例；现行逐端、逐语言方向矩阵未完成实机核验。,assets/b7ea2c2fb6-Korean-3-1.png
W10,阿拉伯字母描写,文字学习任务/语言变体,文字系统与识读,1,未完成,https://blog.duolingo.com/learning-other-writing-systems/,官方不同年代的课程实例；现行逐端、逐语言方向矩阵未完成实机核验。,assets/2cab7c8d52-Arabic-2-1.png
W11,按转写选择天城文字母,文字学习任务/语言变体,文字系统与识读,1,未完成,https://blog.duolingo.com/learning-other-writing-systems/,官方不同年代的课程实例；现行逐端、逐语言方向矩阵未完成实机核验。,assets/6991adc1ae-image--2-.png
W12,韩语听音选词,声音任务的语言/单位变体,文字系统与识读,1,未完成,https://blog.duolingo.com/covering-all-the-bases-duolingos-approach-to-listening-skills/,2026 官方听力文章截图，未验证全账号当前覆盖。,assets/12feca5e9d-Character-Bingo-1.jpg
W13,听音用韩文字块重组,声音任务的语言/单位变体,文字系统与识读,2,未完成,https://blog.duolingo.com/covering-all-the-bases-duolingos-approach-to-listening-skills/,2026 官方听力文章截图，未验证全账号当前覆盖。,assets/730004abb2-Character-Bingo-2.jpg | assets/b0d5231807-Character-Bingo-3.jpg
S01,故事理解单选,情境交互,Stories 故事,1,未完成,https://blog.duolingo.com/covering-all-the-bases-duolingos-approach-to-reading-skills/,历史资料确认Stories覆盖Web/iOS/Android；没有截至检索日逐课程×平台矩阵。 2025年总结称Stories增至100+课程的Score30–59；Radio新增内容覆盖top9学习语种，220+课程首次加入初级Radio。2026听力综述另列西/法/德/意/日/中/韩/葡，未完整枚举语言方向。,assets/2b6cb1232d-IMG_3465.PNG
S02,故事听音词块补句/组句,情境交互,Stories 故事,2,未完成,https://blog.duolingo.com/covering-all-the-bases-duolingos-approach-to-writing-skills/ | https://blog.duolingo.com/duolingo-stories-the-journey-to-android/,历史资料确认Stories覆盖Web/iOS/Android；没有截至检索日逐课程×平台矩阵。 2025年总结称Stories增至100+课程的Score30–59；Radio新增内容覆盖top9学习语种，220+课程首次加入初级Radio。2026听力综述另列西/法/德/意/日/中/韩/葡，未完整枚举语言方向。,assets/0d8d7d604e-Writing-practice_Story-1.png | assets/aa898e5320-stories-android-maria-2-2.png
S03,故事语境选词填空,情境交互,Stories 故事,1,未完成,https://blog.duolingo.com/covering-all-the-bases-duolingos-approach-to-writing-skills/,历史资料确认Stories覆盖Web/iOS/Android；没有截至检索日逐课程×平台矩阵。 2025年总结称Stories增至100+课程的Score30–59；Radio新增内容覆盖top9学习语种，220+课程首次加入初级Radio。2026听力综述另列西/法/德/意/日/中/韩/葡，未完整枚举语言方向。,assets/037f650712-Writing-practice_Story-2.png
S04,故事开放写作,情境交互,Stories 故事,1,未完成,https://blog.duolingo.com/covering-all-the-bases-duolingos-approach-to-writing-skills/ | https://blog.duolingo.com/tips-to-improve-writing-skills/,历史资料确认Stories覆盖Web/iOS/Android；没有截至检索日逐课程×平台矩阵。 2025年总结称Stories增至100+课程的Score30–59；Radio新增内容覆盖top9学习语种，220+课程首次加入初级Radio。2026听力综述另列西/法/德/意/日/中/韩/葡，未完整枚举语言方向。,assets/6c5a0f8745-Writing-practice_Story-3.png
S05,故事补选缺失短语,历史题面补充/情境变体,Stories 故事,1,未完成,https://duoplanet.com/duolingo-stories-the-complete-guide-what-you-need-to-know/,作者历史实测，2021媒体；2024-03-03文章更新。,assets/thirdparty-story-missing.png
S06,故事句中点选指定词义,历史题面补充/情境变体,Stories 故事,1,未完成,https://duoplanet.com/duolingo-stories-the-complete-guide-what-you-need-to-know/,作者历史实测，2021媒体；2024-03-03文章更新。,assets/thirdparty-story-meaning.png
S07,故事选择接下来的内容,历史题面补充/情境变体,Stories 故事,1,未完成,https://duoplanet.com/duolingo-stories-the-complete-guide-what-you-need-to-know/,作者历史实测，2021媒体；2024-03-03文章更新。,assets/thirdparty-story-next.png
S08,故事结尾词语配对,历史题面补充/情境变体,Stories 故事,1,未完成,https://duoplanet.com/duolingo-stories-the-complete-guide-what-you-need-to-know/,作者历史实测，2021媒体；2024-03-03文章更新。,assets/thirdparty-story-pairs.png
R01,Radio听音选指定数量的词,情境交互,Radio 电台,2,未完成,https://blog.duolingo.com/duoradio-listening-practice/ | https://blog.duolingo.com/covering-all-the-bases-duolingos-approach-to-listening-skills/,历史资料确认Stories覆盖Web/iOS/Android；没有截至检索日逐课程×平台矩阵。 2025年总结称Stories增至100+课程的Score30–59；Radio新增内容覆盖top9学习语种，220+课程首次加入初级Radio。2026听力综述另列西/法/德/意/日/中/韩/葡，未完整枚举语言方向。,assets/238bedac29-image3_Audio-segment.png | assets/4f28d5e732-image6_IMG_1508.PNG
R02,Radio音频—释义配对,情境交互,Radio 电台,1,未完成,https://blog.duolingo.com/duoradio-listening-practice/,历史资料确认Stories覆盖Web/iOS/Android；没有截至检索日逐课程×平台矩阵。 2025年总结称Stories增至100+课程的Score30–59；Radio新增内容覆盖top9学习语种，220+课程首次加入初级Radio。2026听力综述另列西/法/德/意/日/中/韩/葡，未完整枚举语言方向。,assets/084364b2a6-image4_Screen-Shot-2023-10-27-at-4.25.15-PM.png
R03,Radio听力判断正误,情境交互,Radio 电台,1,未完成,https://blog.duolingo.com/duoradio-listening-practice/,历史资料确认Stories覆盖Web/iOS/Android；没有截至检索日逐课程×平台矩阵。 2025年总结称Stories增至100+课程的Score30–59；Radio新增内容覆盖top9学习语种，220+课程首次加入初级Radio。2026听力综述另列西/法/德/意/日/中/韩/葡，未完整枚举语言方向。,assets/4106f3bcb3-image5_IMG_1503.PNG
R04,Radio听音选择相关图片,情境交互,Radio 电台,1,未完成,https://blog.duolingo.com/duolingo-101-how-to-learn-a-language-on-duolingo/,历史资料确认Stories覆盖Web/iOS/Android；没有截至检索日逐课程×平台矩阵。 2025年总结称Stories增至100+课程的Score30–59；Radio新增内容覆盖top9学习语种，220+课程首次加入初级Radio。2026听力综述另列西/法/德/意/日/中/韩/葡，未完整枚举语言方向。,assets/official-101-09.png
A01,场景点物/读标牌/探索,情境交互,Adventures 场景任务,1,未完成,https://blog.duolingo.com/adventures/,iOS和Android。 2024-09公告（12-02更新）只明确英语母语学法语、西语母语学英语；未找到更晚的完整清单。,assets/480cbc8540-EN_Adventures_UIscreens.png
A02,任务情境选择回应,情境交互,Adventures 场景任务,1,未完成,https://blog.duolingo.com/adventures/,iOS和Android。 2024-09公告（12-02更新）只明确英语母语学法语、西语母语学英语；未找到更晚的完整清单。,assets/480cbc8540-EN_Adventures_UIscreens.png
M01,Roleplay多轮情景聊天,开放对话体验,Max 开放对话,1,未完成,https://blog.duolingo.com/duolingo-max/ | https://blog.duolingo.com/chatbot-language-practice/ | https://blog.duolingo.com/covering-all-the-bases-duolingos-approach-to-speaking-skills/,Max页面称iOS/Android、188国；未证实Web。 页面2026-03更新明确英语母语学西/法/德/意/葡可用两项，学日/韩/中可用Video Call；2025总结确认Lily Android含英语、西法德意葡日韩。两文范围不完全一致，不能合并成完整语言方向矩阵。,assets/15224bba8c-Roleplay.png
M02,Video Call with Lily自由口语对话,开放对话体验,Max 开放对话,1,未完成,https://blog.duolingo.com/video-call/ | https://blog.duolingo.com/duolingo-max/ | https://blog.duolingo.com/product-highlights/,Max页面称iOS/Android、188国；未证实Web。 页面2026-03更新明确英语母语学西/法/德/意/葡可用两项，学日/韩/中可用Video Call；2025总结确认Lily Android含英语、西法德意葡日韩。两文范围不完全一致，不能合并成完整语言方向矩阵。,assets/1f3f77d648-EN-DuolingoProductYIR-Video-Call-1.png
M03,Video Call with Falstaff引导口语,开放对话体验,Max 开放对话,1,未完成,https://blog.duolingo.com/beginner-video-call-with-falstaff/ | https://blog.duolingo.com/falstaff-calls-research/,2026-01公告明确iOS；未据愿景推断Android已上。 英语、西语、葡语、法语、日语、德语、意语、韩语、中文；公告说向所有Score分阶段扩展，年底目标不能当完成证明。,assets/9ce2123777-guided-call-with-falstaff_german-lesson-4.png
P01,Practice tab/旧Practice Hub,模式/容器,练习与反馈,1,未完成,https://blog.duolingo.com/guide-to-duolingo-practice-hub/,该条是容器或反馈层，不计作新的语言原子题型。,assets/ccd59b1fcd-practice-tab.png
P02,Explain My Answer/Explain My Mistake,模式/容器,练习与反馈,4,未完成,https://blog.duolingo.com/explain-my-answer-now-free/,该条是容器或反馈层，不计作新的语言原子题型。,assets/0fd2b0d7ef-EN_Reverse-Tap.png | assets/928f317c2b-EN_Reverse-Tap-EMA.png | assets/f5c481dc34-EN_Reverse-Translate.png | assets/575ade5a07-EN_Reverse-Translate-EMA.png
P03,Match Madness限时配对,模式/容器,练习与反馈,2,未完成,https://blog.duolingo.com/ways-to-practice-in-duolingo/,该条是容器或反馈层，不计作新的语言原子题型。,assets/964a9f03a1-6-screenshot_match-madness-lesson.PNG | assets/thirdparty-match-madness.png
P04,Rapid Review/路径Side Quest限时复习,模式/容器,练习与反馈,2,未完成,https://blog.duolingo.com/ways-to-practice-in-duolingo/,该条是容器或反馈层，不计作新的语言原子题型。,assets/d0122519c6-5-screenshot_side-quest-lesson_preview.jpeg | assets/thirdparty-rapid-review.jpeg
P05,Legendary难度挑战,模式/容器,练习与反馈,1,未完成,https://blog.duolingo.com/ways-to-practice-in-duolingo/ | https://blog.duolingo.com/plus-family-plan/,该条是容器或反馈层，不计作新的语言原子题型。只有入口图，缺当前完整答题过程图。,assets/c33f21af25-2-screenshot_complete-review-lesson.PNG
P06,Ramp Up,模式/容器,练习与反馈,1,未完成,https://blog.duolingo.com/time-spent-learning-well/,该条是容器或反馈层，不计作新的语言原子题型。只有入口图，缺当前完整答题过程图。,assets/thirdparty-ramp-up.jpg
