编号,名称,听说分类,中文图证状态,完整中文题页,中文配图数,当前中文账号实测,来源,图片文件,证据限制
E01,中英词语配对,不含口语和听力,完整中文题页 · 本轮实测,True,3,已实测；账号范围见对应会话；非全分支,https://zh-cn.duolingo.com/lesson | https://apps.apple.com/cn/iphone/story/id1605587215 | https://www.duolingo.com/stories/en-zh-taxi-ride?mode=read&practiceHubStory=featured,assets/flows/090.png | assets/flows/346.png | assets/cn-apple-word-matching.webp,F07 实测同题错误、原位恢复、正确与全部完成。重复点击同一卡是否取消、退出后恢复和移动端尚未测试。此前官方手机图只作另一版本参考。 新增F22：Super故事末尾有五对中英短语，错误原位恢复、正确后锁定，全部配完自动继续；本页无限红心，不沿用访客扣心结论。
E02,英语语境词义—英文定义选择,不含口语和听力,中文课程 / 题图待核实,False,0,未完成,,,若中文→英语课程提供此题型时的设计分析；本轮未见中文题图，未核验中文课程已开放。 英文释义选择比中英词配对增加阅读负担，但仍是识别而非主动定义。
E03,Flashcards：主动说出英语词,听力与口语相关,中文课程 / 题图待核实,False,0,未完成,,,若中文→英语课程提供此题型时的设计分析；本轮未见中文题图，未核验中文课程已开放。 葡语版的五卡、三项通过和回队规则不能视为已证实的中文规则。
E04,英译中：用中文词块表达英语意义,不含口语和听力,完整中文题页 · 本轮实测,True,3,已实测；账号范围见对应会话；非全分支,https://zh-cn.duolingo.com/lesson | https://www.duolingo.com/practice-hub/unit-rewind | ,assets/flows/050.png | assets/flows/404.png | assets/duolingo-dark-translation-word-bank.jpg,"F03 是 welcome 同题错答闭环；F04 是另一题 Tea, please. 的修改及正确分支；F11 是 coffee 的跳过及重练，三者不冒充同一道题。错误词序草稿未提交，未验证其判分。 新增F24为Super单元复习的两句较长英译中正确路径，明确分别记录，不与访客原题混接。"
E05,中译英：用英语词块组织译文,不含口语和听力,完整中文题页 · Super账号实测,True,2,已实测；账号范围见对应会话；非全分支,https://www.duolingo.com/practice-hub/unit-rewind | https://apps.apple.com/cn/app/id570060128?platform=ipad,assets/flows/417.png | assets/cn-appstore-wordbank-ipad.png,F26取得同题错误到正确闭环。不同模式的草稿保持、撤回中间词和清空都已拍到；键盘模式没有提交本题，不能混作键入正确证据。旧宣传图仅为其他版本参考。
E06,中译英：键入完整英语句子,不含口语和听力,完整中文题页 · Super账号实测,True,2,已实测；账号范围见对应会话；非全分支,https://www.duolingo.com/practice-hub/unit-rewind,assets/flows/445.png | assets/duolingo-dark-translation-free-input.jpg,F27是英国三年题同题闭环，F29是独立的拼写容错例。未验证移动端键盘、中间选区、全部替代译文或拼写容错阈值。
E07,完成翻译：缺词与整句难度切换,不含口语和听力,完整中文题页 · Super账号实测,True,2,已实测；账号范围见对应会话；非全分支,https://www.duolingo.com/practice-hub/unit-rewind,assets/flows/451.png | assets/duolingo-dark-supported-translation.jpg,F28完成缺词同题闭环及两种难度的草稿切换。整句模式只写到部分草稿，没有提交，不算完整英语生成成功。
E08,翻译题中的英语语音输入入口,听力与口语相关,仅见中文输入入口,False,1,未完成,,assets/duolingo-dark-translation-free-input.jpg,仅有入口证据，不计为完整语音任务；与 E06 复用同一个图像文件，不重复计图。
E09,英语选词填空与中文意义反馈,不含口语和听力,完整中文题页,True,1,未完成,,assets/duolingo-dark-cloze-correct-feedback.jpg,完整正确反馈图不包含错选时的提示与重试流程，也不证明无词库时能主动产出。
E10,英语图境辅助选词填空,不含口语和听力,中文课程 / 题图待核实,False,0,未完成,,,若中文→英语课程提供此题型时的设计分析；本轮未见中文题图，未核验中文课程已开放。 凭明显图片选中不能直接等同读懂英语段落。
E11,英语段落阅读理解选择,不含口语和听力,中文课程 / 题图待核实,False,0,未完成,,,若中文→英语课程提供此题型时的设计分析；本轮未见中文题图，未核验中文课程已开放。 单题不能覆盖全部阅读水平；中文解释只是学习支持。
E12,阅读英语对话，选择合适的下一句,不含口语和听力,完整中文题页 · 本轮实测,True,1,已实测；账号范围见对应会话；非全分支,https://zh-cn.duolingo.com/lesson,assets/flows/060.png,F05 记录同题错答、课末重练、答对和继续；未验证多选、退出恢复或移动端。此前跨语言对话图不再用作本条中文界面证据。
E13,听英语，用英语词块拼出内容,听力与口语相关,完整中文题页 · 本轮实测,True,2,已实测；账号范围见对应会话；非全分支,https://zh-cn.duolingo.com/lesson | https://www.duolingo.com/practice-hub/unit-rewind,assets/flows/065.png | assets/flows/401.png,F06 实测输入、撤回、模式切换与草稿保持；实际错误发生在 E22 键盘模式。没有把键盘判错当成词块提交实测，也未采到此题词块正确提交或课末重练。 新增F23：Super复习已实际提交词库错误，纠错目标为in the same place；没有同音同题正确重练。此前“未提交词库”只限F06访客题。
E14,听英语内容，选择对应中文解释,听力与口语相关,完整中文题页 · Super账号实测,True,1,已实测；账号范围见对应会话；非全分支,https://www.duolingo.com/practice-hub/unit-rewind,assets/flows/411.png,F25有初始、选择、改选、正确及下一题；第一项未提交，不能称为错误分支已实测。原题重练、音质和慢速效果未验证。
E15,英语朗读：录音、未通过提示与跳过,听力与口语相关,完整中文题页 · 本轮实测,True,2,已实测；账号范围见对应会话；非全分支,https://zh-cn.duolingo.com/alphabets/en/pronunciation | https://play.google.com/store/apps/details?hl=zh_CN&id=com.duolingo,assets/flows/235.png | assets/cn-googleplay-read-aloud-hello.png,F15 有启动、波形、停止后提示和跳过连续截图；没有成功朗读、重录成功、原生授权弹窗或发音精度证据，不计正确分支闭环。
E16,理解英语问题并说出正确回应,听力与口语相关,中文课程 / 题图待核实,False,0,未完成,,,若中文→英语课程提供此题型时的设计分析；本轮未见中文题图，未核验中文课程已开放。 回应已经提供，不能与自行组织答案同等解释。
E17,英语近音词二选一听辨,听力与口语相关,完整中文题页 · 本轮实测,True,1,已实测；账号范围见对应会话；非全分支,https://zh-cn.duolingo.com/alphabets/en/pronunciation,assets/flows/201.png,F13 记录多个实例的正确、错误、改选和继续。没有保存音轨，后段同组选项是否原音轨重练未核，所以不计严格同题核心闭环，也未测声音质量。
E18,听两个英语声音，判断词语相同或不同,听力与口语相关,完整中文题页 · 本轮实测,True,1,已实测；账号范围见对应会话；非全分支,https://zh-cn.duolingo.com/alphabets/en/pronunciation,assets/flows/218.png,F14 含明确分开的 deck/dock、get/get、deck/deck、got/get 实例；后段重现词对但未核对音轨身份。正确和错误截图齐备，不宣称所有实例是同一道题。
E19,听英语声音，配对英语书面词,听力与口语相关,完整中文题页 · 本轮实测,True,1,已实测；账号范围见对应会话；非全分支,https://zh-cn.duolingo.com/alphabets/en/pronunciation,assets/flows/239.png,F16 记录同一道配对题的错误、恢复、正确、全部完成与继续，计入核心闭环；音质、全部排列、键盘和退出分支未测。它不是 E20 声音配中文意义。
E20,听英语，配对中文词义,听力与口语相关,完整中文题页,True,1,未完成,https://apps.apple.com/cn/iphone/story/id1399754989,assets/cn-apple-audio-matching-composite.webp,这是普通课程的听力词义配对证据，不能把它当作 Sounds 专项、Radio 题页或无限心套餐的独占证据。
E21,按中文意义，看图选择英语词,不含口语和听力,完整中文题页 · 本轮实测,True,2,已实测；账号范围见对应会话；非全分支,https://zh-cn.duolingo.com/lesson | https://play.google.com/store/apps/details?hl=zh_CN&id=com.duolingo,assets/flows/010.png | assets/cn-googleplay-picture-choice.png,F01 是茶题的同题闭环；F08 是另一道咖啡题的直接正确路径。官方玻璃杯四宫格图属于另一版本，不能与本轮三卡图拼接为同题流程。未穷举所有快捷键、退出与异常。
E22,听英语，键入英语词句,听力与口语相关,完整中文题页 · 本轮实测,True,2,已实测；账号范围见对应会话；非全分支,https://zh-cn.duolingo.com/lesson | https://play.google.com/store/apps/details?hl=zh_CN&id=com.duolingo,assets/flows/074.png | assets/cn-googleplay-typed-dictation.png,F06 和 F10 分属两道听力题；未采到本轮正确听写、原题重练、声音质量、拼写容错或15分钟后恢复。免费补心只证实本次访客入门课，不代表所有账号权益。
E23,按中文词义，选择对应英语词,不含口语和听力,完整中文题页 · 本轮实测,True,1,已实测；账号范围见对应会话；非全分支,https://zh-cn.duolingo.com/lesson,assets/flows/017.png,F02 是茶题核心闭环，F09 是咖啡题退出取消及正确路径。不是 E02 的英文定义选择。未确认真正退出后的进度恢复、键盘快捷键及更多干扰项。
S01,故事阅读理解：字面意义、意图与总结,不含口语和听力,完整中文题页 · Super账号实测,True,1,已实测；账号范围见对应会话；非全分支,https://www.duolingo.com/stories/en-zh-taxi-ride?mode=read&practiceHubStory=featured | https://blog.duolingo.com/duolingo-stories-the-journey-to-android/,assets/flows/307.png,F18首题为完整同题错答闭环，另两题分别列明。该阅读题可用可见文字完成，归无需听说；但整篇故事还穿插听音任务，不能把整节故事归无听力。
S02,故事词义定位：按中文意义点英语片段,不含口语和听力,完整中文题页 · Super账号实测,True,1,已实测；账号范围见对应会话；非全分支,https://www.duolingo.com/stories/en-zh-taxi-ride?mode=read&practiceHubStory=featured | https://blog.duolingo.com/duolingo-stories-the-journey-to-android/,assets/flows/313.png,F19同题错误、正确、退出取消及继续都有原图；未验证确认退出后重进、重复点击或所有候选。
S03,故事末尾开放写作,不含口语和听力,中文课程 / 题图待核实,False,0,未完成,https://blog.duolingo.com/duolingo-stories-the-journey-to-android/,,若中文→英语课程提供此题型时的设计分析；本轮未见中文题图，未核验中文课程已开放。 现有目录尚无该英语完整题面，更未建立中文开放状态；字数和评分不可沿用其他课程。 本次Taxi Ride重读已走到结算，但没有出现开放写作；不能从这一篇推断所有故事或等级。
S04,故事短语补全：带回放的缺句选择,听力与口语相关,完整中文题页 · Super账号实测,True,1,已实测；账号范围见对应会话；非全分支,https://www.duolingo.com/stories/en-zh-taxi-ride?mode=read&practiceHubStory=featured,assets/flows/328.png,F20有同题错答核心闭环；没有音轨，严格的无听力独立完成能力未验证，因此本条置于听说相关，不混入无需听说组。
S05,故事听音重组：逐片段接受正确前缀,听力与口语相关,完整中文题页 · Super账号实测,True,1,已实测；账号范围见对应会话；非全分支,https://www.duolingo.com/stories/en-zh-taxi-ride?mode=read&practiceHubStory=featured,assets/flows/334.png,F21同题从两次错误到正确和继续已拍到；没有验证原音轨、播放质量或退出恢复。与E13不混用操作规则。
R01,Radio：找出听到的两个英语单词,听力与口语相关,完整中文题页 · Super账号实测,True,1,已实测；账号范围见对应会话；非全分支,https://www.duolingo.com/lesson/unit/55/level/3,assets/flows/523.png,F33同题错误、一个正确、两个正确及自动推进已拍到。未听验音轨；没有可提交第三项的稳定界面，不能编造多选上限提示。
R02,Radio：英语声音配中文释义,听力与口语相关,完整中文题页 · Super账号实测,True,1,已实测；账号范围见对应会话；非全分支,https://www.duolingo.com/lesson/unit/55/level/3,assets/flows/502.png,F31完成同题错误恢复到全部正确并自动播放。通过试错采集，不代表听力表现；无限红心仅属于本次Super会话。
R03,Radio：判断中文陈述与英语内容是否一致,听力与口语相关,完整中文题页 · Super账号实测,True,1,已实测；账号范围见对应会话；非全分支,https://www.duolingo.com/lesson/unit/55/level/3,assets/flows/518.png,F32同题错误、揭晓、正确、自动推进已记录。原音轨未保存，不做声音质量或学习能力判断。
R04,Radio 听音选择图片,听力与口语相关,中文课程 / 题图待核实,False,0,未完成,,,若中文→英语课程提供此题型时的设计分析；本轮未见中文题图，未核验中文课程已开放。 听音选图不验证拼写，也不自动等同所有普通看图选词题。
R05,Radio：中文选项核对节目内容,听力与口语相关,完整中文题页 · Super账号实测,True,1,已实测；账号范围见对应会话；非全分支,https://www.duolingo.com/lesson/unit/55/level/3,assets/flows/529.png,F34记录本题完整错误到正确并自动收尾。它是内容选择变体，不是仍未遇到的R04图像选择；单独编号仅用于研究检索。
A01,Adventures 场景探索/点物/读标牌,场景辅助交互,中文课程 / 题图待核实,False,0,未完成,,,若中文→英语课程提供此题型时的设计分析；本轮未见中文题图，未核验中文课程已开放。 走到地点或点中物体不等于语言题答对。
A02,Adventures 英语回应选择,不含口语和听力,中文课程 / 题图待核实,False,0,未完成,,,若中文→英语课程提供此题型时的设计分析；本轮未见中文题图，未核验中文课程已开放。 给定回应选择不测试自主造句；中文开放状态未知。
M01,Roleplay 英语多轮文字情境聊天（中文覆盖待核）,不含口语和听力,中文课程 / 题图待核实,False,0,未完成,,,若中文→英语课程提供此题型时的设计分析；本轮未见中文题图，未核验中文课程已开放。 尚无中文完整聊天题图；其他母语 Max 开放说明不证明中文账号可用。
M02,Video Call with Lily 英语自由对话,听力与口语相关,中文课程 / 题图待核实,False,0,未完成,,,若中文→英语课程提供此题型时的设计分析；本轮未见中文题图，未核验中文课程已开放。 画面中的 Lily 不足以证明中文英语课程开放；未实测通话或转录。
M03,Video Call with Falstaff 英语引导对话,听力与口语相关,中文课程 / 题图待核实,False,0,未完成,,,若中文→英语课程提供此题型时的设计分析；本轮未见中文题图，未核验中文课程已开放。 Falstaff 普通跟读与引导视频通话要分开；中文可用性和提示语言未证实。
