题型编号,题型,节点编号,用户动作,需要观察的结果,状态,实测结果,截图,未覆盖条件
E01,中英词语配对,E01-initial,进入题目，暂不作答,完整题面、中文指令、答案区、进度/心形，以及主按钮初始状态。,已采集本次实例,#090 左列茶、欢迎、咖啡、热；右列 hot、coffee、tea、welcome；检查禁用。；#346 出现五组中英词语配对；保留上文，继续禁用。,assets/flows/090.png | assets/flows/346.png,仅支持本次实例，其他条件仍受整体边界限制。
E01,中英词语配对,E01-empty,保持空答案，检查提交入口,按钮是否禁用；若可点击，点击后的真实结果。禁用应截图，不强行触发。,已采集本次实例,#090 左列茶、欢迎、咖啡、热；右列 hot、coffee、tea、welcome；检查禁用。；#346 出现五组中英词语配对；保留上文，继续禁用。,assets/flows/090.png | assets/flows/346.png,仅支持本次实例，其他条件仍受整体边界限制。
E01,中英词语配对,E01-first-side,点左侧或右侧的一张卡,单边选中态；是否允许两种起始方向。,已采集本次实例,#091 单边蓝色选中，尚未判分。；#097 右列也可先选，显示蓝色选中态。；#347 单侧蓝色高亮，还未形成一对。；#352 右列也能先选，蓝色高亮。,assets/flows/091.png | assets/flows/097.png | assets/flows/347.png | assets/flows/352.png,仅支持本次实例，其他条件仍受整体边界限制。
E01,中英词语配对,E01-reselect,点同一卡或同列另一卡,取消/换选规则，以及高亮如何改变。,部分已采集,#091 单边蓝色选中，尚未判分。；#092 选中项从茶转到欢迎；同列操作不会组成一对。,assets/flows/091.png | assets/flows/092.png,只验证同列换选；再次点击同一卡未测试。
E01,中英词语配对,E01-wrong-pair,选一个不匹配的另一侧项目,错误刚出现的反馈、反馈稳定后状态；是否扣资源、是否自动解除选择。,已采集本次实例,#093 欢迎与tea瞬间变红；红心5变4；无底部整题错误栏。；#094 两项恢复白色，仍留在本题，可重新选择；检查依旧禁用。；#348 我与 She 短暂标红；本页无限红心标志不变。；#349 错配恢复可选，正确任务仍在同一页。,assets/flows/093.png | assets/flows/094.png | assets/flows/348.png | assets/flows/349.png,仅支持本次实例，其他条件仍受整体边界限制。
E01,中英词语配对,E01-pair-recovery,错误后再选一对正确项目,哪些项目仍可操作，是否保留上次选择。,已采集本次实例,#094 两项恢复白色，仍留在本题，可重新选择；检查依旧禁用。；#095 正确的两项瞬间变绿。；#349 错配恢复可选，正确任务仍在同一页。；#350 这对变绿。,assets/flows/094.png | assets/flows/095.png | assets/flows/349.png | assets/flows/350.png,仅支持本次实例，其他条件仍受整体边界限制。
E01,中英词语配对,E01-correct-pair,配对正确，但不完成全部,正确颜色、禁用/消失、后续可选项目。,已采集本次实例,#095 正确的两项瞬间变绿。；#096 已配对的欢迎与welcome变浅并禁用；其他项保持可操作。；#350 这对变绿。；#351 正确项变浅禁用，剩余四对仍可操作。,assets/flows/095.png | assets/flows/096.png | assets/flows/350.png | assets/flows/351.png,仅支持本次实例，其他条件仍受整体边界限制。
E01,中英词语配对,E01-all-pairs,完成所有剩余配对,是否自动判分、是否还有检查按钮、完成反馈与推进入口。,已采集本次实例,#099 第三对完成，仅热与hot尚未配对。；#100 全部完成后自动给出绿色反馈与继续；没有按检查。；#356 全部变浅禁用，自动绿色反馈与继续，没有点击检查。,assets/flows/099.png | assets/flows/100.png | assets/flows/356.png,仅支持本次实例，其他条件仍受整体边界限制。
E01,中英词语配对,E01-after-correct,点击推进入口,实际下一题或结算画面。,已采集本次实例,#101 进入另一道键入听力题；这是后继题，不是刚才的配对重试。；#357 实际进入“小故事练习完成啦！”结算，20经验、29%；这是有意试错的采集结果，不代表学习能力。,assets/flows/101.png | assets/flows/357.png,仅支持本次实例，其他条件仍受整体边界限制。
E01,中英词语配对,E01-exit,打开退出入口，再取消退出,已配对状态是否保留。,待实测；适用性也待核,,,尚无对应中文连续操作证据。
E02,英语语境词义—英文定义选择,E02-initial,进入题目，暂不作答,完整题面、中文指令、答案区、进度/心形，以及主按钮初始状态。,待实测；适用性也待核,,,尚无对应中文连续操作证据。
E02,英语语境词义—英文定义选择,E02-empty,保持空答案，检查提交入口,按钮是否禁用；若可点击，点击后的真实结果。禁用应截图，不强行触发。,待实测；适用性也待核,,,尚无对应中文连续操作证据。
E02,英语语境词义—英文定义选择,E02-select,选择一项但暂不提交,选择前后边框、颜色、指示符和主按钮变化。,待实测；适用性也待核,,,尚无对应中文连续操作证据。
E02,英语语境词义—英文定义选择,E02-change,换选另一项，再尝试取消当前选择,旧选择是否解除、是否能回到空答案。,待实测；适用性也待核,,,尚无对应中文连续操作证据。
E02,英语语境词义—英文定义选择,E02-wrong,有意给出错误答案并提交,记录错误发生前的答案及提交后的真实反馈；颜色、文案、正确答案、按钮和心形变化。,待实测；适用性也待核,,,尚无对应中文连续操作证据。
E02,英语语境词义—英文定义选择,E02-after-wrong,在错误反馈中尝试编辑，再使用可见推进入口,是否允许原位改答案、是否锁定、点击后去了哪里；未提供的操作应记录为不适用。,待实测；适用性也待核,,,尚无对应中文连续操作证据。
E02,英语语境词义—英文定义选择,E02-retry,继续本课，检查原题何时再次出现,保留题干与课程序列；若课末复现，拍到复现并重新作答；没遇到则标未采集。,待实测；适用性也待核,,,尚无对应中文连续操作证据。
E02,英语语境词义—英文定义选择,E02-correct,提交正确答案，或完成自动判分操作,正确反馈、答案是否锁定、主按钮文案，以及进度和资源变化。,待实测；适用性也待核,,,尚无对应中文连续操作证据。
E02,英语语境词义—英文定义选择,E02-after-correct,点击正确反馈后的推进入口,截取实际去向：下一题、复习、过场或结算；不能只拍继续按钮。,待实测；适用性也待核,,,尚无对应中文连续操作证据。
E02,英语语境词义—英文定义选择,E02-exit,打开退出入口，再取消退出,退出提示、取消后答案是否保留；没有确认框也需记录实际去向。,待实测；适用性也待核,,,尚无对应中文连续操作证据。
E03,Flashcards：主动说出英语词,E03-initial,进入题目，暂不作答,完整题面、中文指令、答案区、进度/心形，以及主按钮初始状态。,待实测；适用性也待核,,,尚无对应中文连续操作证据。
E03,Flashcards：主动说出英语词,E03-empty,保持空答案，检查提交入口,按钮是否禁用；若可点击，点击后的真实结果。禁用应截图，不强行触发。,待实测；适用性也待核,,,尚无对应中文连续操作证据。
E03,Flashcards：主动说出英语词,E03-entry,开始录音,入口、权限提示、录音中反馈；没有授权时在提示处停止。,待实测；适用性也待核,,,尚无对应中文连续操作证据。
E03,Flashcards：主动说出英语词,E03-silence,测试未收到声音的结果（获得许可后）,是否有超时、无声音提示和恢复入口；与答错区分。,待实测；适用性也待核,,,尚无对应中文连续操作证据。
E03,Flashcards：主动说出英语词,E03-recognized,说出给定或自行组织的英语,录音中、处理等待、识别完成状态；需要音频证据核对识别内容。,待实测；适用性也待核,,,尚无对应中文连续操作证据。
E03,Flashcards：主动说出英语词,E03-speech-error,说错或识别不成功后恢复,错误/识别失败文案、重录、转键入或跳过的实际入口。,待实测；适用性也待核,,,尚无对应中文连续操作证据。
E03,Flashcards：主动说出英语词,E03-retry,通过提供的入口重试,重录是否覆盖旧答案；再次识别后的结果。,待实测；适用性也待核,,,尚无对应中文连续操作证据。
E03,Flashcards：主动说出英语词,E03-correct,提交正确答案，或完成自动判分操作,正确反馈、答案是否锁定、主按钮文案，以及进度和资源变化。,待实测；适用性也待核,,,尚无对应中文连续操作证据。
E03,Flashcards：主动说出英语词,E03-after-correct,点击正确反馈后的推进入口,截取实际去向：下一题、复习、过场或结算；不能只拍继续按钮。,待实测；适用性也待核,,,尚无对应中文连续操作证据。
E03,Flashcards：主动说出英语词,E03-exit,打开退出入口，再取消退出,退出提示、取消后答案是否保留；没有确认框也需记录实际去向。,待实测；适用性也待核,,,尚无对应中文连续操作证据。
E04,英译中：用中文词块表达英语意义,E04-initial,进入题目，暂不作答,完整题面、中文指令、答案区、进度/心形，以及主按钮初始状态。,已采集本次实例,#038 进入英译中词块题 welcome；首次提示可悬停查看词义。；#050 词库为谢谢、牛奶、茶；答案为空。；#404 英译中 She has worked as a server for five years.，空答案及中文词库。；#438 先进入另一道英译中 I have loved you for a long time.，并未立刻重做巴黎题。,assets/flows/038.png | assets/flows/050.png | assets/flows/404.png | assets/flows/438.png,仅支持本次实例，其他条件仍受整体边界限制。
E04,英译中：用中文词块表达英语意义,E04-empty,保持空答案，检查提交入口,按钮是否禁用；若可点击，点击后的真实结果。禁用应截图，不强行触发。,已采集本次实例,#042 词块撤回；答案清空，检查重新变灰。；#050 词库为谢谢、牛奶、茶；答案为空。；#404 英译中 She has worked as a server for five years.，空答案及中文词库。；#438 先进入另一道英译中 I have loved you for a long time.，并未立刻重做巴黎题。,assets/flows/042.png | assets/flows/050.png | assets/flows/404.png | assets/flows/438.png,仅支持本次实例，其他条件仍受整体边界限制。
E04,英译中：用中文词块表达英语意义,E04-first-token,选择第一个词块,词块移入答案区的样式、词库占位、按钮状态。,已采集本次实例,#041 热茶进入答案区；词库原位变灰；检查启用。；#052 只有一个词块也能启用检查；非完整答案仍可提交。；#439 答案区出现第一个中文短语块。,assets/flows/041.png | assets/flows/052.png | assets/flows/439.png,仅支持本次实例，其他条件仍受整体边界限制。
E04,英译中：用中文词块表达英语意义,E04-more-tokens,继续选词，形成部分答案,顺序、换行、干扰项与剩余词块。,已采集本次实例,#053 形成“谢谢 茶”的未提交草稿；未验证这个词序会被怎样判分。；#440 增加时长修饰语。；#441 继续组合中文意义。；#442 得到 我爱你 很长 时间 了。,assets/flows/053.png | assets/flows/440.png | assets/flows/441.png | assets/flows/442.png,仅支持本次实例，其他条件仍受整体边界限制。
E04,英译中：用中文词块表达英语意义,E04-undo,移除中间或最后一个已选词，再选回来,返回词库的位置、剩余答案顺序与动画结束状态。,已采集本次实例,#054 前面的词块撤回，茶留在答案区并前移。；#055 它追加到答案末尾，组成“茶 谢谢”。,assets/flows/054.png | assets/flows/055.png,仅支持本次实例，其他条件仍受整体边界限制。
E04,英译中：用中文词块表达英语意义,E04-clear,撤回所有词块,是否回到初始状态；提交按钮是否重新禁用。,已采集本次实例,#041 热茶进入答案区；词库原位变灰；检查启用。；#042 词块撤回；答案清空，检查重新变灰。,assets/flows/041.png | assets/flows/042.png,仅支持本次实例，其他条件仍受整体边界限制。
E04,英译中：用中文词块表达英语意义,E04-reorder,构造错误词序，并在提交前修改,是否只能逐个撤回、能否直接换位置；只记录实际支持的方式。,已采集本次实例,#053 形成“谢谢 茶”的未提交草稿；未验证这个词序会被怎样判分。；#054 前面的词块撤回，茶留在答案区并前移。；#055 它追加到答案末尾，组成“茶 谢谢”。,assets/flows/053.png | assets/flows/054.png | assets/flows/055.png,仅支持本次实例，其他条件仍受整体边界限制。
E04,英译中：用中文词块表达英语意义,E04-wrong,有意给出错误答案并提交,记录错误发生前的答案及提交后的真实反馈；颜色、文案、正确答案、按钮和心形变化。,已采集本次实例,#044 再次形成错误草稿；实际提交前的答案为热茶。；#045 红色反馈给出欢迎；词块均锁定；红心3变2。,assets/flows/044.png | assets/flows/045.png,仅支持本次实例，其他条件仍受整体边界限制。
E04,英译中：用中文词块表达英语意义,E04-after-wrong,在错误反馈中尝试编辑，再使用可见推进入口,是否允许原位改答案、是否锁定、点击后去了哪里；未提供的操作应记录为不适用。,已采集本次实例,#045 红色反馈给出欢迎；词块均锁定；红心3变2。；#046 进入新的文字选择题“欢迎”；不是在原词块题内重答。,assets/flows/045.png | assets/flows/046.png,仅支持本次实例，其他条件仍受整体边界限制。
E04,英译中：用中文词块表达英语意义,E04-retry,继续本课，检查原题何时再次出现,保留题干与课程序列；若课末复现，拍到复现并重新作答；没遇到则标未采集。,已采集本次实例,#128 welcome 英译中题重现；词库顺序与首次不同，带错题重练标签。；#129 正确词块进入答案区。；#130 同题出现绿色正确反馈，连对4题。,assets/flows/128.png | assets/flows/129.png | assets/flows/130.png,仅支持本次实例，其他条件仍受整体边界限制。
E04,英译中：用中文词块表达英语意义,E04-correct,提交正确答案，或完成自动判分操作,正确反馈、答案是否锁定、主按钮文案，以及进度和资源变化。,已采集本次实例,#056 绿色正确反馈出现；全部词块锁定。；#130 同题出现绿色正确反馈，连对4题。；#410 她 当 服务员 五年 了 被接受，绿色反馈，答案稳定保留。；#443 中文译文被接受，绿色反馈。,assets/flows/056.png | assets/flows/130.png | assets/flows/410.png | assets/flows/443.png,仅支持本次实例，其他条件仍受整体边界限制。
E04,英译中：用中文词块表达英语意义,E04-after-correct,点击正确反馈后的推进入口,截取实际去向：下一题、复习、过场或结算；不能只拍继续按钮。,已采集本次实例,#057 进入新题 I'd like coffee.。；#131 原对话 Coffee or tea? 及两项原选项重现，带错题重练。；#411 先听后答：“他们在…”；三个中文解释，普通/慢速回放，检查禁用。；#444 中译英“他们在英国待了三年了。”，本次先显示词库。,assets/flows/057.png | assets/flows/131.png | assets/flows/411.png | assets/flows/444.png,仅支持本次实例，其他条件仍受整体边界限制。
E04,英译中：用中文词块表达英语意义,E04-exit,打开退出入口，再取消退出,退出提示、取消后答案是否保留；没有确认框也需记录实际去向。,待实测；适用性也待核,,,尚无对应中文连续操作证据。
E04,英译中：用中文词块表达英语意义,E04-alternative,检查键盘或可选播放入口（若存在）,切换前后是否保留答案；可选入口不改变本题文字分支分类。,部分已采集,#051 实际展开词义提示：谢谢、感谢、多谢。,assets/flows/051.png,只验证 please 的悬停提示；本题键盘切换和播放未测试。
E05,中译英：用英语词块组织译文,E05-initial,进入题目，暂不作答,完整题面、中文指令、答案区、进度/心形，以及主按钮初始状态。,已采集本次实例,#417 中译英“她跟她的男朋友一起去过巴黎。”，英语词库，检查禁用。,assets/flows/417.png,仅支持本次实例，其他条件仍受整体边界限制。
E05,中译英：用英语词块组织译文,E05-empty,保持空答案，检查提交入口,按钮是否禁用；若可点击，点击后的真实结果。禁用应截图，不强行触发。,已采集本次实例,#417 中译英“她跟她的男朋友一起去过巴黎。”，英语词库，检查禁用。；#429 答案清空，检查禁用。,assets/flows/417.png | assets/flows/429.png,仅支持本次实例，其他条件仍受整体边界限制。
E05,中译英：用英语词块组织译文,E05-hint,悬停中文词查看英语提示,词义浮层、原题是否保留；不把查词算正确作答。,已采集本次实例,#418 出现 has been to / been / have been to 的英语提示。,assets/flows/418.png,仅支持本次实例，其他条件仍受整体边界限制。
E05,中译英：用英语词块组织译文,E05-first-token,选择第一个词块,词块移入答案区的样式、词库占位、按钮状态。,已采集本次实例,#419 第一个词块进入答案区，词库留下灰色占位，检查启用。,assets/flows/419.png,仅支持本次实例，其他条件仍受整体边界限制。
E05,中译英：用英语词块组织译文,E05-more-tokens,继续选词，形成部分答案,顺序、换行、干扰项与剩余词块。,已采集本次实例,#420 形成 She has；已等词块移动结束。；#421 形成 She has been 的部分答案。,assets/flows/420.png | assets/flows/421.png,仅支持本次实例，其他条件仍受整体边界限制。
E05,中译英：用英语词块组织译文,E05-undo,移除中间或最后一个已选词，再选回来,返回词库的位置、剩余答案顺序与动画结束状态。,已采集本次实例,#426 原 She has been 草稿保留，词库候选位置改变；两种模式各保留自己的草稿。；#427 答案剩 She been，后面的 been 前移。；#428 答案剩 been。,assets/flows/426.png | assets/flows/427.png | assets/flows/428.png,仅支持本次实例，其他条件仍受整体边界限制。
E05,中译英：用英语词块组织译文,E05-clear,撤回所有词块,是否回到初始状态；提交按钮是否重新禁用。,已采集本次实例,#429 答案清空，检查禁用。,assets/flows/429.png,仅支持本次实例，其他条件仍受整体边界限制。
E05,中译英：用英语词块组织译文,E05-reorder,构造错误词序，并在提交前修改,是否只能逐个撤回、能否直接换位置；只记录实际支持的方式。,部分已采集,#426 原 She has been 草稿保留，词库候选位置改变；两种模式各保留自己的草稿。；#427 答案剩 She been，后面的 been 前移。；#428 答案剩 been。；#429 答案清空，检查禁用。；#430 开始构造漏词错误答案。；#431 部分答案 She has。；#432 部分答案 She has been。,assets/flows/426.png | assets/flows/427.png | assets/flows/428.png | assets/flows/429.png | assets/flows/430.png | assets/flows/431.png | assets/flows/432.png,已移除中间词、清空后重新排列；没有拖拽交换或全部排列测试。
E05,中译英：用英语词块组织译文,E05-wrong,有意给出错误答案并提交,记录错误发生前的答案及提交后的真实反馈；颜色、文案、正确答案、按钮和心形变化。,已采集本次实例,#436 完整草稿 She has been Paris with her boyfriend，缺少 to。；#437 红色纠错给出 She has been to Paris with her boyfriend.，to 被突出；原漏词答案保留并锁定。,assets/flows/436.png | assets/flows/437.png,仅支持本次实例，其他条件仍受整体边界限制。
E05,中译英：用英语词块组织译文,E05-after-wrong,在错误反馈中尝试编辑，再使用可见推进入口,是否允许原位改答案、是否锁定、点击后去了哪里；未提供的操作应记录为不适用。,已采集本次实例,#437 红色纠错给出 She has been to Paris with her boyfriend.，to 被突出；原漏词答案保留并锁定。；#438 先进入另一道英译中 I have loved you for a long time.，并未立刻重做巴黎题。,assets/flows/437.png | assets/flows/438.png,仅支持本次实例，其他条件仍受整体边界限制。
E05,中译英：用英语词块组织译文,E05-retry,继续本课，检查原题何时再次出现,保留题干与课程序列；若课末复现，拍到复现并重新作答；没遇到则标未采集。,已采集本次实例,#465 巴黎原题再次出现，键盘输入为空；本次没有观察到额外“错题重练”过场。；#466 重练的词库为空、候选位置改变，先前错误草稿未沿用。；#467 开始正确重答。；#474 正确译文完整，尚未提交。；#475 绿色正确反馈；同一道巴黎题完成从漏词到正确的重练。,assets/flows/465.png | assets/flows/466.png | assets/flows/467.png | assets/flows/474.png | assets/flows/475.png,仅支持本次实例，其他条件仍受整体边界限制。
E05,中译英：用英语词块组织译文,E05-correct,提交正确答案，或完成自动判分操作,正确反馈、答案是否锁定、主按钮文案，以及进度和资源变化。,已采集本次实例,#475 绿色正确反馈；同一道巴黎题完成从漏词到正确的重练。,assets/flows/475.png,仅支持本次实例，其他条件仍受整体边界限制。
E05,中译英：用英语词块组织译文,E05-after-correct,点击正确反馈后的推进入口,截取实际去向：下一题、复习、过场或结算；不能只拍继续按钮。,已采集本次实例,#476 英国三年原题再次出现，词库空白。,assets/flows/476.png,仅支持本次实例，其他条件仍受整体边界限制。
E05,中译英：用英语词块组织译文,E05-exit,打开退出入口，再取消退出,退出提示、取消后答案是否保留；没有确认框也需记录实际去向。,待实测；适用性也待核,,,尚无对应中文连续操作证据。
E05,中译英：用英语词块组织译文,E05-alternative,检查键盘或可选播放入口（若存在）,切换前后是否保留答案；可选入口不改变本题文字分支分类。,部分已采集,#422 输入框首次为空，词块草稿没有自动转换为文本。；#423 形成文字草稿，检查可用。；#424 键盘草稿可编辑；这里只改末尾，没有验证中间字符选区。；#425 检查重新禁用。；#426 原 She has been 草稿保留，词库候选位置改变；两种模式各保留自己的草稿。,assets/flows/422.png | assets/flows/423.png | assets/flows/424.png | assets/flows/425.png | assets/flows/426.png,已测词库和键盘独立草稿；没有在本题键盘模式提交答案。
E06,中译英：键入完整英语句子,E06-initial,进入题目，暂不作答,完整题面、中文指令、答案区、进度/心形，以及主按钮初始状态。,已采集本次实例,#445 空英语输入框，检查禁用。,assets/flows/445.png,仅支持本次实例，其他条件仍受整体边界限制。
E06,中译英：键入完整英语句子,E06-empty,保持空答案，检查提交入口,按钮是否禁用；若可点击，点击后的真实结果。禁用应截图，不强行触发。,已采集本次实例,#445 空英语输入框，检查禁用。；#477 重练输入框为空。,assets/flows/445.png | assets/flows/477.png,仅支持本次实例，其他条件仍受整体边界限制。
E06,中译英：键入完整英语句子,E06-focus,点击输入框,光标、占位文案、移动端键盘展开后题干与按钮是否可见。,部分已采集,#445 空英语输入框，检查禁用。；#446 部分文字即可启用检查。,assets/flows/445.png | assets/flows/446.png,桌面文本框可输入；移动端软键盘未采集。
E06,中译英：键入完整英语句子,E06-partial,输入部分答案,输入框、字数或空位、提交按钮状态。,已采集本次实例,#446 部分文字即可启用检查。,assets/flows/446.png,仅支持本次实例，其他条件仍受整体边界限制。
E06,中译英：键入完整英语句子,E06-edit,定位中间字符并修改，再清空,光标与选区、删除和清空后的控件状态。,部分已采集,#446 部分文字即可启用检查。；#447 故意把三年写为 ten years；未提交。,assets/flows/446.png | assets/flows/447.png,本题从部分文本改写整句；中间字符选区与清空见另一巴黎实例，未在本题完整重测。
E06,中译英：键入完整英语句子,E06-spelling,输入拼写/空格/大小写差异并按需提交,分别记录被接受、容错提示或判错；不能从一个例子概括全部容错。,部分已采集,#463 故意保留 docter 拼写差异、小写开头且不加句号。；#464 绿色通过并提示“有错别字哦！”；显示 doctor 的正确写法。只证明本句组合条件被接受，不能推断所有拼写/大小写/标点均容错。,assets/flows/463.png | assets/flows/464.png,只核实docter、小写开头、无句号这一组合被接受；未分别穷举规则。
E06,中译英：键入完整英语句子,E06-wrong,有意给出错误答案并提交,记录错误发生前的答案及提交后的真实反馈；颜色、文案、正确答案、按钮和心形变化。,已采集本次实例,#447 故意把三年写为 ten years；未提交。；#450 红色正确答案使用 three years，three 被突出；原 ten years 草稿保留，确认取消退出未丢失输入。,assets/flows/447.png | assets/flows/450.png,仅支持本次实例，其他条件仍受整体边界限制。
E06,中译英：键入完整英语句子,E06-after-wrong,在错误反馈中尝试编辑，再使用可见推进入口,是否允许原位改答案、是否锁定、点击后去了哪里；未提供的操作应记录为不适用。,已采集本次实例,#450 红色正确答案使用 three years，three 被突出；原 ten years 草稿保留，确认取消退出未丢失输入。；#451 输入所缺单词：“妈妈一直都这么漂亮。”，Mom has always been ____ beautiful.；加大难度与禁用检查。,assets/flows/450.png | assets/flows/451.png,仅支持本次实例，其他条件仍受整体边界限制。
E06,中译英：键入完整英语句子,E06-retry,继续本课，检查原题何时再次出现,保留题干与课程序列；若课末复现，拍到复现并重新作答；没遇到则标未采集。,已采集本次实例,#476 英国三年原题再次出现，词库空白。；#477 重练输入框为空。；#478 将首次 ten 改为符合中文意义的 three。；#479 绿色正确，原题纠错完成。,assets/flows/476.png | assets/flows/477.png | assets/flows/478.png | assets/flows/479.png,仅支持本次实例，其他条件仍受整体边界限制。
E06,中译英：键入完整英语句子,E06-correct,提交正确答案，或完成自动判分操作,正确反馈、答案是否锁定、主按钮文案，以及进度和资源变化。,已采集本次实例,#479 绿色正确，原题纠错完成。；#464 绿色通过并提示“有错别字哦！”；显示 doctor 的正确写法。只证明本句组合条件被接受，不能推断所有拼写/大小写/标点均容错。,assets/flows/479.png | assets/flows/464.png,仅支持本次实例，其他条件仍受整体边界限制。
E06,中译英：键入完整英语句子,E06-after-correct,点击正确反馈后的推进入口,截取实际去向：下一题、复习、过场或结算；不能只拍继续按钮。,已采集本次实例,#480 妈妈题再次出现，缺词空位为空。；#465 巴黎原题再次出现，键盘输入为空；本次没有观察到额外“错题重练”过场。,assets/flows/480.png | assets/flows/465.png,仅支持本次实例，其他条件仍受整体边界限制。
E06,中译英：键入完整英语句子,E06-exit,打开退出入口，再取消退出,退出提示、取消后答案是否保留；没有确认框也需记录实际去向。,部分已采集,#447 故意把三年写为 ten years；未提交。；#448 出现进度丢失确认，提供继续努力与退出。；#449 捕获弹层淡出中的一帧；不能据本帧宣称弹层已经完全消失。后续提交保留同一草稿。；#450 红色正确答案使用 three years，three 被突出；原 ten years 草稿保留，确认取消退出未丢失输入。,assets/flows/447.png | assets/flows/448.png | assets/flows/449.png | assets/flows/450.png,取消后可提交原草稿；449为淡出动画帧，未确认退出重进。
E07,完成翻译：缺词与整句难度切换,E07-initial,进入题目，暂不作答,完整题面、中文指令、答案区、进度/心形，以及主按钮初始状态。,已采集本次实例,#451 输入所缺单词：“妈妈一直都这么漂亮。”，Mom has always been ____ beautiful.；加大难度与禁用检查。,assets/flows/451.png,仅支持本次实例，其他条件仍受整体边界限制。
E07,完成翻译：缺词与整句难度切换,E07-empty,保持空答案，检查提交入口,按钮是否禁用；若可点击，点击后的真实结果。禁用应截图，不强行触发。,已采集本次实例,#451 输入所缺单词：“妈妈一直都这么漂亮。”，Mom has always been ____ beautiful.；加大难度与禁用检查。；#457 检查禁用。,assets/flows/451.png | assets/flows/457.png,仅支持本次实例，其他条件仍受整体边界限制。
E07,完成翻译：缺词与整句难度切换,E07-focus,点击输入框,光标、占位文案、移动端键盘展开后题干与按钮是否可见。,部分已采集,#455 单个字母即可启用检查。,assets/flows/455.png,桌面短空位可输入；移动端软键盘未采集。
E07,完成翻译：缺词与整句难度切换,E07-scaffold,加大难度、减少难度，分别输入再切回,空位与整句的切换、独立草稿是否保留；整句提交另核。,已采集本次实例,#452 变为用英语写出这句话，整句输入框为空；出现减少难度。；#453 形成整句模式的部分草稿。；#454 回到缺词模式，空位仍空；整句草稿没有复制入空位。；#458 原整句草稿 Mom has always 保留。；#459 空位仍保持先前清空后的状态；两种难度分别保留草稿。,assets/flows/452.png | assets/flows/453.png | assets/flows/454.png | assets/flows/458.png | assets/flows/459.png,仅支持本次实例，其他条件仍受整体边界限制。
E07,完成翻译：缺词与整句难度切换,E07-partial,输入部分答案,输入框、字数或空位、提交按钮状态。,已采集本次实例,#455 单个字母即可启用检查。,assets/flows/455.png,仅支持本次实例，其他条件仍受整体边界限制。
E07,完成翻译：缺词与整句难度切换,E07-edit,定位中间字符并修改，再清空,光标与选区、删除和清空后的控件状态。,部分已采集,#455 单个字母即可启用检查。；#456 空位内容变成 so，尚未提交。；#457 检查禁用。,assets/flows/455.png | assets/flows/456.png | assets/flows/457.png,已追加末尾字符并清空；中间字符选区未测。
E07,完成翻译：缺词与整句难度切换,E07-spelling,输入拼写/空格/大小写差异并按需提交,分别记录被接受、容错提示或判错；不能从一个例子概括全部容错。,待实测；适用性也待核,,,尚无对应中文连续操作证据。
E07,完成翻译：缺词与整句难度切换,E07-wrong,有意给出错误答案并提交,记录错误发生前的答案及提交后的真实反馈；颜色、文案、正确答案、按钮和心形变化。,已采集本次实例,#460 准备故意错误答案。；#461 红色反馈给出 Mom has always been so beautiful.；错误 cold 保留并锁定。,assets/flows/460.png | assets/flows/461.png,仅支持本次实例，其他条件仍受整体边界限制。
E07,完成翻译：缺词与整句难度切换,E07-after-wrong,在错误反馈中尝试编辑，再使用可见推进入口,是否允许原位改答案、是否锁定、点击后去了哪里；未提供的操作应记录为不适用。,已采集本次实例,#461 红色反馈给出 Mom has always been so beautiful.；错误 cold 保留并锁定。；#462 另一题“他一直都想要做一个医生。”；显示键盘输入模式。,assets/flows/461.png | assets/flows/462.png,仅支持本次实例，其他条件仍受整体边界限制。
E07,完成翻译：缺词与整句难度切换,E07-retry,继续本课，检查原题何时再次出现,保留题干与课程序列；若课末复现，拍到复现并重新作答；没遇到则标未采集。,已采集本次实例,#480 妈妈题再次出现，缺词空位为空。；#481 形成正确缺词草稿。；#482 绿色正确；空位锁定，继续可用。,assets/flows/480.png | assets/flows/481.png | assets/flows/482.png,仅支持本次实例，其他条件仍受整体边界限制。
E07,完成翻译：缺词与整句难度切换,E07-correct,提交正确答案，或完成自动判分操作,正确反馈、答案是否锁定、主按钮文案，以及进度和资源变化。,已采集本次实例,#482 绿色正确；空位锁定，继续可用。,assets/flows/482.png,仅支持本次实例，其他条件仍受整体边界限制。
E07,完成翻译：缺词与整句难度切换,E07-after-correct,点击正确反馈后的推进入口,截取实际去向：下一题、复习、过场或结算；不能只拍继续按钮。,已采集本次实例,#483 进入单元结算，20经验、64%；时长提示含拍摄等待，不代表正常用时或学习效果。,assets/flows/483.png,仅支持本次实例，其他条件仍受整体边界限制。
E07,完成翻译：缺词与整句难度切换,E07-exit,打开退出入口，再取消退出,退出提示、取消后答案是否保留；没有确认框也需记录实际去向。,待实测；适用性也待核,,,尚无对应中文连续操作证据。
E08,翻译题中的英语语音输入入口,E08-initial,进入题目，暂不作答,完整题面、中文指令、答案区、进度/心形，以及主按钮初始状态。,待实测；适用性也待核,,,尚无对应中文连续操作证据。
E08,翻译题中的英语语音输入入口,E08-empty,保持空答案，检查提交入口,按钮是否禁用；若可点击，点击后的真实结果。禁用应截图，不强行触发。,待实测；适用性也待核,,,尚无对应中文连续操作证据。
E08,翻译题中的英语语音输入入口,E08-entry,开始录音,入口、权限提示、录音中反馈；没有授权时在提示处停止。,待实测；适用性也待核,,,尚无对应中文连续操作证据。
E08,翻译题中的英语语音输入入口,E08-silence,测试未收到声音的结果（获得许可后）,是否有超时、无声音提示和恢复入口；与答错区分。,待实测；适用性也待核,,,尚无对应中文连续操作证据。
E08,翻译题中的英语语音输入入口,E08-recognized,说出给定或自行组织的英语,录音中、处理等待、识别完成状态；需要音频证据核对识别内容。,待实测；适用性也待核,,,尚无对应中文连续操作证据。
E08,翻译题中的英语语音输入入口,E08-speech-error,说错或识别不成功后恢复,错误/识别失败文案、重录、转键入或跳过的实际入口。,待实测；适用性也待核,,,尚无对应中文连续操作证据。
E08,翻译题中的英语语音输入入口,E08-retry,通过提供的入口重试,重录是否覆盖旧答案；再次识别后的结果。,待实测；适用性也待核,,,尚无对应中文连续操作证据。
E08,翻译题中的英语语音输入入口,E08-correct,提交正确答案，或完成自动判分操作,正确反馈、答案是否锁定、主按钮文案，以及进度和资源变化。,待实测；适用性也待核,,,尚无对应中文连续操作证据。
E08,翻译题中的英语语音输入入口,E08-after-correct,点击正确反馈后的推进入口,截取实际去向：下一题、复习、过场或结算；不能只拍继续按钮。,待实测；适用性也待核,,,尚无对应中文连续操作证据。
E08,翻译题中的英语语音输入入口,E08-exit,打开退出入口，再取消退出,退出提示、取消后答案是否保留；没有确认框也需记录实际去向。,待实测；适用性也待核,,,尚无对应中文连续操作证据。
E09,英语选词填空与中文意义反馈,E09-initial,进入题目，暂不作答,完整题面、中文指令、答案区、进度/心形，以及主按钮初始状态。,待实测；适用性也待核,,,尚无对应中文连续操作证据。
E09,英语选词填空与中文意义反馈,E09-empty,保持空答案，检查提交入口,按钮是否禁用；若可点击，点击后的真实结果。禁用应截图，不强行触发。,待实测；适用性也待核,,,尚无对应中文连续操作证据。
E09,英语选词填空与中文意义反馈,E09-select,选择一项但暂不提交,选择前后边框、颜色、指示符和主按钮变化。,待实测；适用性也待核,,,尚无对应中文连续操作证据。
E09,英语选词填空与中文意义反馈,E09-change,换选另一项，再尝试取消当前选择,旧选择是否解除、是否能回到空答案。,待实测；适用性也待核,,,尚无对应中文连续操作证据。
E09,英语选词填空与中文意义反馈,E09-wrong,有意给出错误答案并提交,记录错误发生前的答案及提交后的真实反馈；颜色、文案、正确答案、按钮和心形变化。,待实测；适用性也待核,,,尚无对应中文连续操作证据。
E09,英语选词填空与中文意义反馈,E09-after-wrong,在错误反馈中尝试编辑，再使用可见推进入口,是否允许原位改答案、是否锁定、点击后去了哪里；未提供的操作应记录为不适用。,待实测；适用性也待核,,,尚无对应中文连续操作证据。
E09,英语选词填空与中文意义反馈,E09-retry,继续本课，检查原题何时再次出现,保留题干与课程序列；若课末复现，拍到复现并重新作答；没遇到则标未采集。,待实测；适用性也待核,,,尚无对应中文连续操作证据。
E09,英语选词填空与中文意义反馈,E09-correct,提交正确答案，或完成自动判分操作,正确反馈、答案是否锁定、主按钮文案，以及进度和资源变化。,待实测；适用性也待核,,,尚无对应中文连续操作证据。
E09,英语选词填空与中文意义反馈,E09-after-correct,点击正确反馈后的推进入口,截取实际去向：下一题、复习、过场或结算；不能只拍继续按钮。,待实测；适用性也待核,,,尚无对应中文连续操作证据。
E09,英语选词填空与中文意义反馈,E09-exit,打开退出入口，再取消退出,退出提示、取消后答案是否保留；没有确认框也需记录实际去向。,待实测；适用性也待核,,,尚无对应中文连续操作证据。
E10,英语图境辅助选词填空,E10-initial,进入题目，暂不作答,完整题面、中文指令、答案区、进度/心形，以及主按钮初始状态。,待实测；适用性也待核,,,尚无对应中文连续操作证据。
E10,英语图境辅助选词填空,E10-empty,保持空答案，检查提交入口,按钮是否禁用；若可点击，点击后的真实结果。禁用应截图，不强行触发。,待实测；适用性也待核,,,尚无对应中文连续操作证据。
E10,英语图境辅助选词填空,E10-select,选择一项但暂不提交,选择前后边框、颜色、指示符和主按钮变化。,待实测；适用性也待核,,,尚无对应中文连续操作证据。
E10,英语图境辅助选词填空,E10-change,换选另一项，再尝试取消当前选择,旧选择是否解除、是否能回到空答案。,待实测；适用性也待核,,,尚无对应中文连续操作证据。
E10,英语图境辅助选词填空,E10-wrong,有意给出错误答案并提交,记录错误发生前的答案及提交后的真实反馈；颜色、文案、正确答案、按钮和心形变化。,待实测；适用性也待核,,,尚无对应中文连续操作证据。
E10,英语图境辅助选词填空,E10-after-wrong,在错误反馈中尝试编辑，再使用可见推进入口,是否允许原位改答案、是否锁定、点击后去了哪里；未提供的操作应记录为不适用。,待实测；适用性也待核,,,尚无对应中文连续操作证据。
E10,英语图境辅助选词填空,E10-retry,继续本课，检查原题何时再次出现,保留题干与课程序列；若课末复现，拍到复现并重新作答；没遇到则标未采集。,待实测；适用性也待核,,,尚无对应中文连续操作证据。
E10,英语图境辅助选词填空,E10-correct,提交正确答案，或完成自动判分操作,正确反馈、答案是否锁定、主按钮文案，以及进度和资源变化。,待实测；适用性也待核,,,尚无对应中文连续操作证据。
E10,英语图境辅助选词填空,E10-after-correct,点击正确反馈后的推进入口,截取实际去向：下一题、复习、过场或结算；不能只拍继续按钮。,待实测；适用性也待核,,,尚无对应中文连续操作证据。
E10,英语图境辅助选词填空,E10-exit,打开退出入口，再取消退出,退出提示、取消后答案是否保留；没有确认框也需记录实际去向。,待实测；适用性也待核,,,尚无对应中文连续操作证据。
E11,英语段落阅读理解选择,E11-initial,进入题目，暂不作答,完整题面、中文指令、答案区、进度/心形，以及主按钮初始状态。,待实测；适用性也待核,,,尚无对应中文连续操作证据。
E11,英语段落阅读理解选择,E11-empty,保持空答案，检查提交入口,按钮是否禁用；若可点击，点击后的真实结果。禁用应截图，不强行触发。,待实测；适用性也待核,,,尚无对应中文连续操作证据。
E11,英语段落阅读理解选择,E11-select,选择一项但暂不提交,选择前后边框、颜色、指示符和主按钮变化。,待实测；适用性也待核,,,尚无对应中文连续操作证据。
E11,英语段落阅读理解选择,E11-change,换选另一项，再尝试取消当前选择,旧选择是否解除、是否能回到空答案。,待实测；适用性也待核,,,尚无对应中文连续操作证据。
E11,英语段落阅读理解选择,E11-wrong,有意给出错误答案并提交,记录错误发生前的答案及提交后的真实反馈；颜色、文案、正确答案、按钮和心形变化。,待实测；适用性也待核,,,尚无对应中文连续操作证据。
E11,英语段落阅读理解选择,E11-after-wrong,在错误反馈中尝试编辑，再使用可见推进入口,是否允许原位改答案、是否锁定、点击后去了哪里；未提供的操作应记录为不适用。,待实测；适用性也待核,,,尚无对应中文连续操作证据。
E11,英语段落阅读理解选择,E11-retry,继续本课，检查原题何时再次出现,保留题干与课程序列；若课末复现，拍到复现并重新作答；没遇到则标未采集。,待实测；适用性也待核,,,尚无对应中文连续操作证据。
E11,英语段落阅读理解选择,E11-correct,提交正确答案，或完成自动判分操作,正确反馈、答案是否锁定、主按钮文案，以及进度和资源变化。,待实测；适用性也待核,,,尚无对应中文连续操作证据。
E11,英语段落阅读理解选择,E11-after-correct,点击正确反馈后的推进入口,截取实际去向：下一题、复习、过场或结算；不能只拍继续按钮。,待实测；适用性也待核,,,尚无对应中文连续操作证据。
E11,英语段落阅读理解选择,E11-exit,打开退出入口，再取消退出,退出提示、取消后答案是否保留；没有确认框也需记录实际去向。,待实测；适用性也待核,,,尚无对应中文连续操作证据。
E12,阅读英语对话，选择合适的下一句,E12-initial,进入题目，暂不作答,完整题面、中文指令、答案区、进度/心形，以及主按钮初始状态。,已采集本次实例,"#060 两个选项 Coffee, please. 和 Welcome.；检查禁用。",assets/flows/060.png,仅支持本次实例，其他条件仍受整体边界限制。
E12,阅读英语对话，选择合适的下一句,E12-empty,保持空答案，检查提交入口,按钮是否禁用；若可点击，点击后的真实结果。禁用应截图，不强行触发。,已采集本次实例,"#060 两个选项 Coffee, please. 和 Welcome.；检查禁用。",assets/flows/060.png,仅支持本次实例，其他条件仍受整体边界限制。
E12,阅读英语对话，选择合适的下一句,E12-select,选择一项但暂不提交,选择前后边框、颜色、指示符和主按钮变化。,已采集本次实例,#061 蓝色选中；检查启用；角色空白气泡未直接填入答案。,assets/flows/061.png,仅支持本次实例，其他条件仍受整体边界限制。
E12,阅读英语对话，选择合适的下一句,E12-change,换选另一项，再尝试取消当前选择,旧选择是否解除、是否能回到空答案。,部分已采集,#062 蓝色选择转移，尚未判分。；#063 保留错误回答作为提交前证据。,assets/flows/062.png | assets/flows/063.png,已验证改选；未验证取消同一选项。
E12,阅读英语对话，选择合适的下一句,E12-wrong,有意给出错误答案并提交,记录错误发生前的答案及提交后的真实反馈；颜色、文案、正确答案、按钮和心形变化。,已采集本次实例,"#063 保留错误回答作为提交前证据。；#064 红心2变1；同时显示正确英文 Coffee, please. 与中文“咖啡，谢谢。”。",assets/flows/063.png | assets/flows/064.png,仅支持本次实例，其他条件仍受整体边界限制。
E12,阅读英语对话，选择合适的下一句,E12-after-wrong,在错误反馈中尝试编辑，再使用可见推进入口,是否允许原位改答案、是否锁定、点击后去了哪里；未提供的操作应记录为不适用。,已采集本次实例,"#064 红心2变1；同时显示正确英文 Coffee, please. 与中文“咖啡，谢谢。”。；#065 进入听力词块题；有普通播放、乌龟慢速、现在不做听力题、使用键盘。",assets/flows/064.png | assets/flows/065.png,仅支持本次实例，其他条件仍受整体边界限制。
E12,阅读英语对话，选择合适的下一句,E12-retry,继续本课，检查原题何时再次出现,保留题干与课程序列；若课末复现，拍到复现并重新作答；没遇到则标未采集。,已采集本次实例,#131 原对话 Coffee or tea? 及两项原选项重现，带错题重练。；#132 正确回答变蓝，等待提交。；#133 绿色反馈，同时给中文意思，连对5题。,assets/flows/131.png | assets/flows/132.png | assets/flows/133.png,仅支持本次实例，其他条件仍受整体边界限制。
E12,阅读英语对话，选择合适的下一句,E12-correct,提交正确答案，或完成自动判分操作,正确反馈、答案是否锁定、主按钮文案，以及进度和资源变化。,已采集本次实例,#133 绿色反馈，同时给中文意思，连对5题。,assets/flows/133.png,仅支持本次实例，其他条件仍受整体边界限制。
E12,阅读英语对话，选择合适的下一句,E12-after-correct,点击正确反馈后的推进入口,截取实际去向：下一题、复习、过场或结算；不能只拍继续按钮。,已采集本次实例,#134 之前被普通跳过的 coffee 翻译题重现，带错题重练。,assets/flows/134.png,仅支持本次实例，其他条件仍受整体边界限制。
E12,阅读英语对话，选择合适的下一句,E12-exit,打开退出入口，再取消退出,退出提示、取消后答案是否保留；没有确认框也需记录实际去向。,待实测；适用性也待核,,,尚无对应中文连续操作证据。
E13,听英语，用英语词块拼出内容,E13-initial,进入题目，暂不作答,完整题面、中文指令、答案区、进度/心形，以及主按钮初始状态。,已采集本次实例,#065 进入听力词块题；有普通播放、乌龟慢速、现在不做听力题、使用键盘。,assets/flows/065.png,仅支持本次实例，其他条件仍受整体边界限制。
E13,听英语，用英语词块拼出内容,E13-audio-controls,播放、重播与慢速播放（按实际入口）,控件操作截图与声音证据分开记录，截图不能证明声音正常。,部分已采集,#070 保留点击后的播放控件画面；没有保存音轨，不能证明声音正常或播放持续时间。；#071 保留慢速入口点击后的画面；音频速度与声音质量未另行听验。,assets/flows/070.png | assets/flows/071.png,只记录按钮操作；没有音轨证据，未听验声音质量与速度。
E13,听英语，用英语词块拼出内容,E13-empty,保持空答案，检查提交入口,按钮是否禁用；若可点击，点击后的真实结果。禁用应截图，不强行触发。,已采集本次实例,#065 进入听力词块题；有普通播放、乌龟慢速、现在不做听力题、使用键盘。；#078 词块答案清空，检查禁用。,assets/flows/065.png | assets/flows/078.png,仅支持本次实例，其他条件仍受整体边界限制。
E13,听英语，用英语词块拼出内容,E13-first-token,选择第一个词块,词块移入答案区的样式、词库占位、按钮状态。,已采集本次实例,#072 please 进入答案区，检查启用。,assets/flows/072.png,仅支持本次实例，其他条件仍受整体边界限制。
E13,听英语，用英语词块拼出内容,E13-more-tokens,继续选词，形成部分答案,顺序、换行、干扰项与剩余词块。,已采集本次实例,#079 两个词块进入答案区；不代表必须使用全部词块。,assets/flows/079.png,仅支持本次实例，其他条件仍受整体边界限制。
E13,听英语，用英语词块拼出内容,E13-undo,移除中间或最后一个已选词，再选回来,返回词库的位置、剩余答案顺序与动画结束状态。,部分已采集,#077 先前的 please 词块草稿恢复；两个输入模式各有草稿。；#078 词块答案清空，检查禁用。,assets/flows/077.png | assets/flows/078.png,验证撤回一个词；多词中间位置移除待补。
E13,听英语，用英语词块拼出内容,E13-clear,撤回所有词块,是否回到初始状态；提交按钮是否重新禁用。,已采集本次实例,#078 词块答案清空，检查禁用。,assets/flows/078.png,仅支持本次实例，其他条件仍受整体边界限制。
E13,听英语，用英语词块拼出内容,E13-reorder,构造错误词序，并在提交前修改,是否只能逐个撤回、能否直接换位置；只记录实际支持的方式。,待实测；适用性也待核,,,尚无对应中文连续操作证据。
E13,听英语，用英语词块拼出内容,E13-wrong,有意给出错误答案并提交,记录错误发生前的答案及提交后的真实反馈；颜色、文案、正确答案、按钮和心形变化。,已采集本次实例,#402 形成词块草稿、检查可用；即时帧含词块移动动画，不作为稳定排列图。；#403 红色纠错给出 in the same place 及中文在同样的地方；词块草稿保留并锁定。音轨未听验。,assets/flows/402.png | assets/flows/403.png,仅支持本次实例，其他条件仍受整体边界限制。
E13,听英语，用英语词块拼出内容,E13-after-wrong,在错误反馈中尝试编辑，再使用可见推进入口,是否允许原位改答案、是否锁定、点击后去了哪里；未提供的操作应记录为不适用。,已采集本次实例,#403 红色纠错给出 in the same place 及中文在同样的地方；词块草稿保留并锁定。音轨未听验。；#404 英译中 She has worked as a server for five years.，空答案及中文词库。,assets/flows/403.png | assets/flows/404.png,仅支持本次实例，其他条件仍受整体边界限制。
E13,听英语，用英语词块拼出内容,E13-retry,继续本课，检查原题何时再次出现,保留题干与课程序列；若课末复现，拍到复现并重新作答；没遇到则标未采集。,待实测；适用性也待核,,,尚无对应中文连续操作证据。
E13,听英语，用英语词块拼出内容,E13-correct,提交正确答案，或完成自动判分操作,正确反馈、答案是否锁定、主按钮文案，以及进度和资源变化。,待实测；适用性也待核,,,尚无对应中文连续操作证据。
E13,听英语，用英语词块拼出内容,E13-after-correct,点击正确反馈后的推进入口,截取实际去向：下一题、复习、过场或结算；不能只拍继续按钮。,待实测；适用性也待核,,,尚无对应中文连续操作证据。
E13,听英语，用英语词块拼出内容,E13-exit,打开退出入口，再取消退出,退出提示、取消后答案是否保留；没有确认框也需记录实际去向。,待实测；适用性也待核,,,尚无对应中文连续操作证据。
E13,听英语，用英语词块拼出内容,E13-alternative,检查键盘或可选播放入口（若存在）,切换前后是否保留答案；可选入口不改变本题文字分支分类。,已采集本次实例,"#072 please 进入答案区，检查启用。；#073 标题变为键入你听到的内容；首次键盘草稿为空，检查禁用。；#077 先前的 please 词块草稿恢复；两个输入模式各有草稿。；#080 Tea, please. 文本草稿仍保留。",assets/flows/072.png | assets/flows/073.png | assets/flows/077.png | assets/flows/080.png,仅支持本次实例，其他条件仍受整体边界限制。
E14,听英语内容，选择对应中文解释,E14-initial,进入题目，暂不作答,完整题面、中文指令、答案区、进度/心形，以及主按钮初始状态。,已采集本次实例,#411 先听后答：“他们在…”；三个中文解释，普通/慢速回放，检查禁用。,assets/flows/411.png,仅支持本次实例，其他条件仍受整体边界限制。
E14,听英语内容，选择对应中文解释,E14-empty,保持空答案，检查提交入口,按钮是否禁用；若可点击，点击后的真实结果。禁用应截图，不强行触发。,已采集本次实例,#411 先听后答：“他们在…”；三个中文解释，普通/慢速回放，检查禁用。,assets/flows/411.png,仅支持本次实例，其他条件仍受整体边界限制。
E14,听英语内容，选择对应中文解释,E14-play,首次播放音频，再重播,播放中和停止后的按钮状态；声音另行听验，截图不能证明声音正常。,待实测；适用性也待核,,,尚无对应中文连续操作证据。
E14,听英语内容，选择对应中文解释,E14-rate,操作慢速播放（若存在）,切换控件与播放状态；无入口则标不适用。,待实测；适用性也待核,,,尚无对应中文连续操作证据。
E14,听英语内容，选择对应中文解释,E14-select,选择答案，再改选,单选/多选规则、要求数量与主按钮是否可用。,已采集本次实例,#412 第一项蓝色选中，检查启用。；#413 蓝色选择转移，旧项解除，尚未提交。,assets/flows/412.png | assets/flows/413.png,仅支持本次实例，其他条件仍受整体边界限制。
E14,听英语内容，选择对应中文解释,E14-skip-audio,打开不做听力/跳过入口（若存在）,真实提示、替代题或跳题结果，是否影响本课后续听力。,待实测；适用性也待核,,,尚无对应中文连续操作证据。
E14,听英语内容，选择对应中文解释,E14-wrong,有意给出错误答案并提交,记录错误发生前的答案及提交后的真实反馈；颜色、文案、正确答案、按钮和心形变化。,待实测；适用性也待核,,,尚无对应中文连续操作证据。
E14,听英语内容，选择对应中文解释,E14-after-wrong,在错误反馈中尝试编辑，再使用可见推进入口,是否允许原位改答案、是否锁定、点击后去了哪里；未提供的操作应记录为不适用。,待实测；适用性也待核,,,尚无对应中文连续操作证据。
E14,听英语内容，选择对应中文解释,E14-retry,继续本课，检查原题何时再次出现,保留题干与课程序列；若课末复现，拍到复现并重新作答；没遇到则标未采集。,待实测；适用性也待核,,,尚无对应中文连续操作证据。
E14,听英语内容，选择对应中文解释,E14-correct,提交正确答案，或完成自动判分操作,正确反馈、答案是否锁定、主按钮文案，以及进度和资源变化。,已采集本次实例,#414 第二项被判正确，绿色反馈；本题没有采到错误分支，未听验原音轨。,assets/flows/414.png,仅支持本次实例，其他条件仍受整体边界限制。
E14,听英语内容，选择对应中文解释,E14-after-correct,点击正确反馈后的推进入口,截取实际去向：下一题、复习、过场或结算；不能只拍继续按钮。,已采集本次实例,#415 进入另一道词块听写；不是第401图的同一音频题。,assets/flows/415.png,仅支持本次实例，其他条件仍受整体边界限制。
E14,听英语内容，选择对应中文解释,E14-exit,打开退出入口，再取消退出,退出提示、取消后答案是否保留；没有确认框也需记录实际去向。,待实测；适用性也待核,,,尚无对应中文连续操作证据。
E15,英语朗读：录音、未通过提示与跳过,E15-initial,进入题目，暂不作答,完整题面、中文指令、答案区、进度/心形，以及主按钮初始状态。,已采集本次实例,#235 进入朗读下面的句子，实际材料只有 got；提供点击并开始录音与现在不做口语题。,assets/flows/235.png,仅支持本次实例，其他条件仍受整体边界限制。
E15,英语朗读：录音、未通过提示与跳过,E15-empty,保持空答案，检查提交入口,按钮是否禁用；若可点击，点击后的真实结果。禁用应截图，不强行触发。,已采集本次实例,#235 进入朗读下面的句子，实际材料只有 got；提供点击并开始录音与现在不做口语题。,assets/flows/235.png,仅支持本次实例，其他条件仍受整体边界限制。
E15,英语朗读：录音、未通过提示与跳过,E15-entry,开始录音,入口、权限提示、录音中反馈；没有授权时在提示处停止。,部分已采集,#236 录音条变为波形界面，示范播放禁用；未提供可核对的口述音轨，波形不证明录音或识别质量。,assets/flows/236.png,仅见波形界面；原生授权与实际收音情况未核。
E15,英语朗读：录音、未通过提示与跳过,E15-silence,测试未收到声音的结果（获得许可后）,是否有超时、无声音提示和恢复入口；与答错区分。,部分已采集,#237 捕获黄色瞬时提示：呃～听起来不太对哦，再试一次吧；随后重新出现录音入口。未判断原因是无声、设备还是发音。,assets/flows/237.png,停止后出现未通过提示；没有音轨，不能判定原因是无声还是发音。
E15,英语朗读：录音、未通过提示与跳过,E15-recognized,说出给定或自行组织的英语,录音中、处理等待、识别完成状态；需要音频证据核对识别内容。,待实测；适用性也待核,,,尚无对应中文连续操作证据。
E15,英语朗读：录音、未通过提示与跳过,E15-speech-error,说错或识别不成功后恢复,错误/识别失败文案、重录、转键入或跳过的实际入口。,部分已采集,#237 捕获黄色瞬时提示：呃～听起来不太对哦，再试一次吧；随后重新出现录音入口。未判断原因是无声、设备还是发音。；#238 出现黄色跳过状态，录音入口禁用，文案却是发音好棒哦；此操作没有成功朗读，不能解释成识别正确。,assets/flows/237.png | assets/flows/238.png,未通过提示与跳过已实测；没有重录成功。
E15,英语朗读：录音、未通过提示与跳过,E15-retry,通过提供的入口重试,重录是否覆盖旧答案；再次识别后的结果。,待实测；适用性也待核,,,尚无对应中文连续操作证据。
E15,英语朗读：录音、未通过提示与跳过,E15-correct,提交正确答案，或完成自动判分操作,正确反馈、答案是否锁定、主按钮文案，以及进度和资源变化。,待实测；适用性也待核,,,尚无对应中文连续操作证据。
E15,英语朗读：录音、未通过提示与跳过,E15-after-correct,点击正确反馈后的推进入口,截取实际去向：下一题、复习、过场或结算；不能只拍继续按钮。,待实测；适用性也待核,,,尚无对应中文连续操作证据。
E15,英语朗读：录音、未通过提示与跳过,E15-exit,打开退出入口，再取消退出,退出提示、取消后答案是否保留；没有确认框也需记录实际去向。,待实测；适用性也待核,,,尚无对应中文连续操作证据。
E16,理解英语问题并说出正确回应,E16-initial,进入题目，暂不作答,完整题面、中文指令、答案区、进度/心形，以及主按钮初始状态。,待实测；适用性也待核,,,尚无对应中文连续操作证据。
E16,理解英语问题并说出正确回应,E16-empty,保持空答案，检查提交入口,按钮是否禁用；若可点击，点击后的真实结果。禁用应截图，不强行触发。,待实测；适用性也待核,,,尚无对应中文连续操作证据。
E16,理解英语问题并说出正确回应,E16-entry,开始录音,入口、权限提示、录音中反馈；没有授权时在提示处停止。,待实测；适用性也待核,,,尚无对应中文连续操作证据。
E16,理解英语问题并说出正确回应,E16-silence,测试未收到声音的结果（获得许可后）,是否有超时、无声音提示和恢复入口；与答错区分。,待实测；适用性也待核,,,尚无对应中文连续操作证据。
E16,理解英语问题并说出正确回应,E16-recognized,说出给定或自行组织的英语,录音中、处理等待、识别完成状态；需要音频证据核对识别内容。,待实测；适用性也待核,,,尚无对应中文连续操作证据。
E16,理解英语问题并说出正确回应,E16-speech-error,说错或识别不成功后恢复,错误/识别失败文案、重录、转键入或跳过的实际入口。,待实测；适用性也待核,,,尚无对应中文连续操作证据。
E16,理解英语问题并说出正确回应,E16-retry,通过提供的入口重试,重录是否覆盖旧答案；再次识别后的结果。,待实测；适用性也待核,,,尚无对应中文连续操作证据。
E16,理解英语问题并说出正确回应,E16-correct,提交正确答案，或完成自动判分操作,正确反馈、答案是否锁定、主按钮文案，以及进度和资源变化。,待实测；适用性也待核,,,尚无对应中文连续操作证据。
E16,理解英语问题并说出正确回应,E16-after-correct,点击正确反馈后的推进入口,截取实际去向：下一题、复习、过场或结算；不能只拍继续按钮。,待实测；适用性也待核,,,尚无对应中文连续操作证据。
E16,理解英语问题并说出正确回应,E16-exit,打开退出入口，再取消退出,退出提示、取消后答案是否保留；没有确认框也需记录实际去向。,待实测；适用性也待核,,,尚无对应中文连续操作证据。
E17,英语近音词二选一听辨,E17-initial,进入题目，暂不作答,完整题面、中文指令、答案区、进度/心形，以及主按钮初始状态。,已采集本次实例,#201 出现你听到了什么、dock/deck 两选项、大播放按钮；检查禁用，题页顶部没有红心显示。,assets/flows/201.png,仅支持本次实例，其他条件仍受整体边界限制。
E17,英语近音词二选一听辨,E17-empty,保持空答案，检查提交入口,按钮是否禁用；若可点击，点击后的真实结果。禁用应截图，不强行触发。,已采集本次实例,#201 出现你听到了什么、dock/deck 两选项、大播放按钮；检查禁用，题页顶部没有红心显示。,assets/flows/201.png,仅支持本次实例，其他条件仍受整体边界限制。
E17,英语近音词二选一听辨,E17-play,首次播放音频，再重播,播放中和停止后的按钮状态；声音另行听验，截图不能证明声音正常。,部分已采集,#217 仍显示错误反馈，播放入口可点击；原音轨与播放质量没有保存验证。,assets/flows/217.png,只验证错误反馈页仍可点播放；未听验。
E17,英语近音词二选一听辨,E17-rate,操作慢速播放（若存在）,切换控件与播放状态；无入口则标不适用。,待实测；适用性也待核,,,尚无对应中文连续操作证据。
E17,英语近音词二选一听辨,E17-select,选择答案，再改选,单选/多选规则、要求数量与主按钮是否可用。,已采集本次实例,#202 dock 变蓝；这张即时帧的检查仍灰色，不能拿它证明已完成按钮过渡。；#203 选择转移到 deck；此时检查为绿色。,assets/flows/202.png | assets/flows/203.png,仅支持本次实例，其他条件仍受整体边界限制。
E17,英语近音词二选一听辨,E17-skip-audio,打开不做听力/跳过入口（若存在）,真实提示、替代题或跳题结果，是否影响本课后续听力。,待实测；适用性也待核,,,尚无对应中文连续操作证据。
E17,英语近音词二选一听辨,E17-wrong,有意给出错误答案并提交,记录错误发生前的答案及提交后的真实反馈；颜色、文案、正确答案、按钮和心形变化。,已采集本次实例,#215 get 变蓝，等待提交。；#216 此次 get 被判错，红色提示还不太准确，再多听几次吧；选项锁定，未列出正确词。,assets/flows/215.png | assets/flows/216.png,仅支持本次实例，其他条件仍受整体边界限制。
E17,英语近音词二选一听辨,E17-after-wrong,在错误反馈中尝试编辑，再使用可见推进入口,是否允许原位改答案、是否锁定、点击后去了哪里；未提供的操作应记录为不适用。,已采集本次实例,#217 仍显示错误反馈，播放入口可点击；原音轨与播放质量没有保存验证。；#218 进入先听后答：两个音频入口、同一个词/两个不同的词；英语词形暂时隐藏。,assets/flows/217.png | assets/flows/218.png,仅支持本次实例，其他条件仍受整体边界限制。
E17,英语近音词二选一听辨,E17-retry,继续本课，检查原题何时再次出现,保留题干与课程序列；若课末复现，拍到复现并重新作答；没遇到则标未采集。,部分已采集,#251 回到 got/get 听辨选择；与早先错误题有同样文字，音轨身份未核实。；#252 此轮 got 为提交草稿。；#253 got 实际被判正确；只确认此次结果，不凭文字相同断言是原音轨重练。,assets/flows/251.png | assets/flows/252.png | assets/flows/253.png,课末同组选项再现；没有音轨身份核验，不证明同音同题重练。
E17,英语近音词二选一听辨,E17-correct,提交正确答案，或完成自动判分操作,正确反馈、答案是否锁定、主按钮文案，以及进度和资源变化。,已采集本次实例,#204 本题实际正确，dock 与底部反馈变绿；提供太简单、太难、报错。；#253 got 实际被判正确；只确认此次结果，不凭文字相同断言是原音轨重练。,assets/flows/204.png | assets/flows/253.png,仅支持本次实例，其他条件仍受整体边界限制。
E17,英语近音词二选一听辨,E17-after-correct,点击正确反馈后的推进入口,截取实际去向：下一题、复习、过场或结算；不能只拍继续按钮。,已采集本次实例,#205 新题选项为 got/get；不能把相同标题当成同一条音频。；#254 再次进入声音同异题；作答前英语词形隐藏。,assets/flows/205.png | assets/flows/254.png,仅支持本次实例，其他条件仍受整体边界限制。
E17,英语近音词二选一听辨,E17-exit,打开退出入口，再取消退出,退出提示、取消后答案是否保留；没有确认框也需记录实际去向。,待实测；适用性也待核,,,尚无对应中文连续操作证据。
E18,听两个英语声音，判断词语相同或不同,E18-initial,进入题目，暂不作答,完整题面、中文指令、答案区、进度/心形，以及主按钮初始状态。,已采集本次实例,#218 进入先听后答：两个音频入口、同一个词/两个不同的词；英语词形暂时隐藏。,assets/flows/218.png,仅支持本次实例，其他条件仍受整体边界限制。
E18,听两个英语声音，判断词语相同或不同,E18-empty,保持空答案，检查提交入口,按钮是否禁用；若可点击，点击后的真实结果。禁用应截图，不强行触发。,已采集本次实例,#218 进入先听后答：两个音频入口、同一个词/两个不同的词；英语词形暂时隐藏。,assets/flows/218.png,仅支持本次实例，其他条件仍受整体边界限制。
E18,听两个英语声音，判断词语相同或不同,E18-play,首次播放音频，再重播,播放中和停止后的按钮状态；声音另行听验，截图不能证明声音正常。,部分已采集,#223 保留点击后按钮画面；没有据此宣称声音正常。；#224 两个声音可以分别触发；这不是语音输入。,assets/flows/223.png | assets/flows/224.png,两入口均可点击；音轨质量未核。
E18,听两个英语声音，判断词语相同或不同,E18-rate,操作慢速播放（若存在）,切换控件与播放状态；无入口则标不适用。,待实测；适用性也待核,,,尚无对应中文连续操作证据。
E18,听两个英语声音，判断词语相同或不同,E18-select,选择答案，再改选,单选/多选规则、要求数量与主按钮是否可用。,已采集本次实例,#219 第一项蓝色选中，检查启用。；#220 蓝色选择转移，单词仍隐藏。,assets/flows/219.png | assets/flows/220.png,仅支持本次实例，其他条件仍受整体边界限制。
E18,听两个英语声音，判断词语相同或不同,E18-skip-audio,打开不做听力/跳过入口（若存在）,真实提示、替代题或跳题结果，是否影响本课后续听力。,已采集本次实例,#233 转到另一道声音同异题，不是在原题原位修改。；#234 底部是黄色反馈和继续，显示 get/get 及音标；尽管文案为看，多练几次真的有用吧，不能把跳过算正确作答。；#235 进入朗读下面的句子，实际材料只有 got；提供点击并开始录音与现在不做口语题。,assets/flows/233.png | assets/flows/234.png | assets/flows/235.png,仅支持本次实例，其他条件仍受整体边界限制。
E18,听两个英语声音，判断词语相同或不同,E18-wrong,有意给出错误答案并提交,记录错误发生前的答案及提交后的真实反馈；颜色、文案、正确答案、按钮和心形变化。,已采集本次实例,#231 作答草稿为同一个词。；#232 实际判错；揭晓 got 与 get 及两者音标，红色反馈；选项锁定。,assets/flows/231.png | assets/flows/232.png,仅支持本次实例，其他条件仍受整体边界限制。
E18,听两个英语声音，判断词语相同或不同,E18-after-wrong,在错误反馈中尝试编辑，再使用可见推进入口,是否允许原位改答案、是否锁定、点击后去了哪里；未提供的操作应记录为不适用。,已采集本次实例,#232 实际判错；揭晓 got 与 get 及两者音标，红色反馈；选项锁定。；#233 转到另一道声音同异题，不是在原题原位修改。,assets/flows/232.png | assets/flows/233.png,仅支持本次实例，其他条件仍受整体边界限制。
E18,听两个英语声音，判断词语相同或不同,E18-retry,继续本课，检查原题何时再次出现,保留题干与课程序列；若课末复现，拍到复现并重新作答；没遇到则标未采集。,部分已采集,#254 再次进入声音同异题；作答前英语词形隐藏。；#255 保留作答草稿，准备检查。；#256 实际正确，显示 got/get 与音标；对应词对与之前错误实例一致，但没有核对原音轨一致性。,assets/flows/254.png | assets/flows/255.png | assets/flows/256.png,同一词对再现；没有音轨身份核验，不证明同音同题重练。
E18,听两个英语声音，判断词语相同或不同,E18-correct,提交正确答案，或完成自动判分操作,正确反馈、答案是否锁定、主按钮文案，以及进度和资源变化。,已采集本次实例,#221 实际正确；播放位置显示 deck 与 dock，底部补出单词及音标。；#226 实际正确；两个位置显示 get，底部为 get 及音标。；#256 实际正确，显示 got/get 与音标；对应词对与之前错误实例一致，但没有核对原音轨一致性。,assets/flows/221.png | assets/flows/226.png | assets/flows/256.png,仅支持本次实例，其他条件仍受整体边界限制。
E18,听两个英语声音，判断词语相同或不同,E18-after-correct,点击正确反馈后的推进入口,截取实际去向：下一题、复习、过场或结算；不能只拍继续按钮。,已采集本次实例,#222 进入下一道声音同异题，两词再次隐藏。；#257 发音专项实际进入单元完成页；本次研究采集显示11经验、83%，不代表听说能力或正常学习成效。,assets/flows/222.png | assets/flows/257.png,仅支持本次实例，其他条件仍受整体边界限制。
E18,听两个英语声音，判断词语相同或不同,E18-exit,打开退出入口，再取消退出,退出提示、取消后答案是否保留；没有确认框也需记录实际去向。,待实测；适用性也待核,,,尚无对应中文连续操作证据。
E19,听英语声音，配对英语书面词,E19-initial,进入题目，暂不作答,完整题面、中文指令、答案区、进度/心形，以及主按钮初始状态。,已采集本次实例,#239 进入四组声音—英语书面词配对；左列四音频、右列 deck/got/dock/get，检查禁用。,assets/flows/239.png,仅支持本次实例，其他条件仍受整体边界限制。
E19,听英语声音，配对英语书面词,E19-audio-controls,播放、重播与慢速播放（按实际入口）,控件操作截图与声音证据分开记录，截图不能证明声音正常。,部分已采集,#240 音频卡出现蓝色高亮，还未形成配对。,assets/flows/240.png,实际点击播放；无音轨听验，未见慢速入口但未据此排除其他版本。
E19,听英语声音，配对英语书面词,E19-empty,保持空答案，检查提交入口,按钮是否禁用；若可点击，点击后的真实结果。禁用应截图，不强行触发。,已采集本次实例,#239 进入四组声音—英语书面词配对；左列四音频、右列 deck/got/dock/get，检查禁用。,assets/flows/239.png,仅支持本次实例，其他条件仍受整体边界限制。
E19,听英语声音，配对英语书面词,E19-first-side,点左侧或右侧的一张卡,单边选中态；是否允许两种起始方向。,已采集本次实例,#240 音频卡出现蓝色高亮，还未形成配对。；#245 右列也能先选，文字出现蓝色高亮。,assets/flows/240.png | assets/flows/245.png,仅支持本次实例，其他条件仍受整体边界限制。
E19,听英语声音，配对英语书面词,E19-reselect,点同一卡或同列另一卡,取消/换选规则，以及高亮如何改变。,待实测；适用性也待核,,,尚无对应中文连续操作证据。
E19,听英语声音，配对英语书面词,E19-wrong-pair,选一个不匹配的另一侧项目,错误刚出现的反馈、反馈稳定后状态；是否扣资源、是否自动解除选择。,已采集本次实例,#241 第1声音与 deck 短暂标红；错误局限于当前一对，题页未显示红心。；#242 仍在原题；错误对恢复可选，可以重新配对。,assets/flows/241.png | assets/flows/242.png,仅支持本次实例，其他条件仍受整体边界限制。
E19,听英语声音，配对英语书面词,E19-pair-recovery,错误后再选一对正确项目,哪些项目仍可操作，是否保留上次选择。,已采集本次实例,#242 仍在原题；错误对恢复可选，可以重新配对。；#243 这对短暂变绿，实际配对正确。,assets/flows/242.png | assets/flows/243.png,仅支持本次实例，其他条件仍受整体边界限制。
E19,听英语声音，配对英语书面词,E19-correct-pair,配对正确，但不完成全部,正确颜色、禁用/消失、后续可选项目。,已采集本次实例,#243 这对短暂变绿，实际配对正确。；#244 第1声音和 got 变浅并禁用，其他项目仍可操作。,assets/flows/243.png | assets/flows/244.png,仅支持本次实例，其他条件仍受整体边界限制。
E19,听英语声音，配对英语书面词,E19-all-pairs,完成所有剩余配对,是否自动判分、是否还有检查按钮、完成反馈与推进入口。,已采集本次实例,#249 该对变绿，前三对已完成。；#250 所有项目禁用，自动出现绿色正确与继续；没有点击检查。,assets/flows/249.png | assets/flows/250.png,仅支持本次实例，其他条件仍受整体边界限制。
E19,听英语声音，配对英语书面词,E19-after-correct,点击推进入口,实际下一题或结算画面。,已采集本次实例,#251 回到 got/get 听辨选择；与早先错误题有同样文字，音轨身份未核实。,assets/flows/251.png,仅支持本次实例，其他条件仍受整体边界限制。
E19,听英语声音，配对英语书面词,E19-exit,打开退出入口，再取消退出,已配对状态是否保留。,待实测；适用性也待核,,,尚无对应中文连续操作证据。
E20,听英语，配对中文词义,E20-initial,进入题目，暂不作答,完整题面、中文指令、答案区、进度/心形，以及主按钮初始状态。,待实测；适用性也待核,,,尚无对应中文连续操作证据。
E20,听英语，配对中文词义,E20-audio-controls,播放、重播与慢速播放（按实际入口）,控件操作截图与声音证据分开记录，截图不能证明声音正常。,待实测；适用性也待核,,,尚无对应中文连续操作证据。
E20,听英语，配对中文词义,E20-empty,保持空答案，检查提交入口,按钮是否禁用；若可点击，点击后的真实结果。禁用应截图，不强行触发。,待实测；适用性也待核,,,尚无对应中文连续操作证据。
E20,听英语，配对中文词义,E20-first-side,点左侧或右侧的一张卡,单边选中态；是否允许两种起始方向。,待实测；适用性也待核,,,尚无对应中文连续操作证据。
E20,听英语，配对中文词义,E20-reselect,点同一卡或同列另一卡,取消/换选规则，以及高亮如何改变。,待实测；适用性也待核,,,尚无对应中文连续操作证据。
E20,听英语，配对中文词义,E20-wrong-pair,选一个不匹配的另一侧项目,错误刚出现的反馈、反馈稳定后状态；是否扣资源、是否自动解除选择。,待实测；适用性也待核,,,尚无对应中文连续操作证据。
E20,听英语，配对中文词义,E20-pair-recovery,错误后再选一对正确项目,哪些项目仍可操作，是否保留上次选择。,待实测；适用性也待核,,,尚无对应中文连续操作证据。
E20,听英语，配对中文词义,E20-correct-pair,配对正确，但不完成全部,正确颜色、禁用/消失、后续可选项目。,待实测；适用性也待核,,,尚无对应中文连续操作证据。
E20,听英语，配对中文词义,E20-all-pairs,完成所有剩余配对,是否自动判分、是否还有检查按钮、完成反馈与推进入口。,待实测；适用性也待核,,,尚无对应中文连续操作证据。
E20,听英语，配对中文词义,E20-after-correct,点击推进入口,实际下一题或结算画面。,待实测；适用性也待核,,,尚无对应中文连续操作证据。
E20,听英语，配对中文词义,E20-exit,打开退出入口，再取消退出,已配对状态是否保留。,待实测；适用性也待核,,,尚无对应中文连续操作证据。
E21,按中文意义，看图选择英语词,E21-initial,进入题目，暂不作答,完整题面、中文指令、答案区、进度/心形，以及主按钮初始状态。,已采集本次实例,#010 三张图卡尚未选中；检查为灰色，红心为5。,assets/flows/010.png,仅支持本次实例，其他条件仍受整体边界限制。
E21,按中文意义，看图选择英语词,E21-empty,保持空答案，检查提交入口,按钮是否禁用；若可点击，点击后的真实结果。禁用应截图，不强行触发。,已采集本次实例,#010 三张图卡尚未选中；检查为灰色，红心为5。,assets/flows/010.png,仅支持本次实例，其他条件仍受整体边界限制。
E21,按中文意义，看图选择英语词,E21-select,选择一项但暂不提交,选择前后边框、颜色、指示符和主按钮变化。,已采集本次实例,#011 coffee 变蓝；检查变绿；尚未判定正确与否。,assets/flows/011.png,仅支持本次实例，其他条件仍受整体边界限制。
E21,按中文意义，看图选择英语词,E21-change,换选另一项，再尝试取消当前选择,旧选择是否解除、是否能回到空答案。,已采集本次实例,#012 tea 变蓝，coffee 恢复；维持单选。；#013 tea 仍选中；重复点击未回到空答案。；#014 sugar 变蓝；这是错误草稿，还没有判错。,assets/flows/012.png | assets/flows/013.png | assets/flows/014.png,仅支持本次实例，其他条件仍受整体边界限制。
E21,按中文意义，看图选择英语词,E21-wrong,有意给出错误答案并提交,记录错误发生前的答案及提交后的真实反馈；颜色、文案、正确答案、按钮和心形变化。,已采集本次实例,#014 sugar 变蓝；这是错误草稿，还没有判错。；#015 红心5变4；首次错误说明弹层遮住题目，底部已出现红色答案反馈。；#016 显示“正确答案：tea”；选项已锁定，底部红色继续。,assets/flows/014.png | assets/flows/015.png | assets/flows/016.png,仅支持本次实例，其他条件仍受整体边界限制。
E21,按中文意义，看图选择英语词,E21-after-wrong,在错误反馈中尝试编辑，再使用可见推进入口,是否允许原位改答案、是否锁定、点击后去了哪里；未提供的操作应记录为不适用。,已采集本次实例,#016 显示“正确答案：tea”；选项已锁定，底部红色继续。；#017 进入下一道文字选词题“茶”；不是在原看图题内编辑。,assets/flows/016.png | assets/flows/017.png,仅支持本次实例，其他条件仍受整体边界限制。
E21,按中文意义，看图选择英语词,E21-retry,继续本课，检查原题何时再次出现,保留题干与课程序列；若课末复现，拍到复现并重新作答；没遇到则标未采集。,已采集本次实例,#120 出现“复习一下之前你不太熟练的部分”过场；不是一道新题。；#121 同一“哪个是茶”与原三个选项重现，带错题重练标签。；#122 重新选择，未沿用第一次的错误答案。；#123 同题答对，tea变绿，显示绿色继续。,assets/flows/120.png | assets/flows/121.png | assets/flows/122.png | assets/flows/123.png,仅支持本次实例，其他条件仍受整体边界限制。
E21,按中文意义，看图选择英语词,E21-correct,提交正确答案，或完成自动判分操作,正确反馈、答案是否锁定、主按钮文案，以及进度和资源变化。,已采集本次实例,#123 同题答对，tea变绿，显示绿色继续。,assets/flows/123.png,仅支持本次实例，其他条件仍受整体边界限制。
E21,按中文意义，看图选择英语词,E21-after-correct,点击正确反馈后的推进入口,截取实际去向：下一题、复习、过场或结算；不能只拍继续按钮。,已采集本次实例,#124 原文字题“茶”及 coffee/hot/tea 三个选项重现，带错题重练。,assets/flows/124.png,仅支持本次实例，其他条件仍受整体边界限制。
E21,按中文意义，看图选择英语词,E21-exit,打开退出入口，再取消退出,退出提示、取消后答案是否保留；没有确认框也需记录实际去向。,待实测；适用性也待核,,,尚无对应中文连续操作证据。
E22,听英语，键入英语词句,E22-initial,进入题目，暂不作答,完整题面、中文指令、答案区、进度/心形，以及主按钮初始状态。,已采集本次实例,#073 标题变为键入你听到的内容；首次键盘草稿为空，检查禁用。,assets/flows/073.png,仅支持本次实例，其他条件仍受整体边界限制。
E22,听英语，键入英语词句,E22-audio-controls,播放、重播与慢速播放（按实际入口）,控件操作截图与声音证据分开记录，截图不能证明声音正常。,部分已采集,#070 保留点击后的播放控件画面；没有保存音轨，不能证明声音正常或播放持续时间。；#071 保留慢速入口点击后的画面；音频速度与声音质量未另行听验。,assets/flows/070.png | assets/flows/071.png,与词库同题的播放按钮已点击；没有音轨证据。
E22,听英语，键入英语词句,E22-empty,保持空答案，检查提交入口,按钮是否禁用；若可点击，点击后的真实结果。禁用应截图，不强行触发。,已采集本次实例,#073 标题变为键入你听到的内容；首次键盘草稿为空，检查禁用。；#075 显示占位文字，检查再次禁用。,assets/flows/073.png | assets/flows/075.png,仅支持本次实例，其他条件仍受整体边界限制。
E22,听英语，键入英语词句,E22-focus,点击输入框,光标、占位文案、移动端键盘展开后题干与按钮是否可见。,部分已采集,#073 标题变为键入你听到的内容；首次键盘草稿为空，检查禁用。；#074 输入框出现草稿；检查启用。,assets/flows/073.png | assets/flows/074.png,桌面输入可用；未采移动端软键盘、光标特写。
E22,听英语，键入英语词句,E22-partial,输入部分答案,输入框、字数或空位、提交按钮状态。,部分已采集,#074 输入框出现草稿；检查启用。,assets/flows/074.png,输入 coffee 后检查可用；逐字符阈值未穷举。
E22,听英语，键入英语词句,E22-edit,定位中间字符并修改，再清空,光标与选区、删除和清空后的控件状态。,部分已采集,#074 输入框出现草稿；检查启用。；#075 显示占位文字，检查再次禁用。；#076 形成新的未提交草稿；此时尚无正确判断。,assets/flows/074.png | assets/flows/075.png | assets/flows/076.png,已验证整框清空和重填；中间字符选区修改未测试。
E22,听英语，键入英语词句,E22-spelling,输入拼写/空格/大小写差异并按需提交,分别记录被接受、容错提示或判错；不能从一个例子概括全部容错。,待实测；适用性也待核,,,尚无对应中文连续操作证据。
E22,听英语，键入英语词句,E22-wrong,有意给出错误答案并提交,记录错误发生前的答案及提交后的真实反馈；颜色、文案、正确答案、按钮和心形变化。,已采集本次实例,"#080 Tea, please. 文本草稿仍保留。；#081 实际判错，正确答案为 tea；红心归零，弹出本次入门课的免费补心提示。；#082 红心恢复为5；仍停在错误反馈页，原文本锁定，显示英文 tea 与中文茶。",assets/flows/080.png | assets/flows/081.png | assets/flows/082.png,仅支持本次实例，其他条件仍受整体边界限制。
E22,听英语，键入英语词句,E22-after-wrong,在错误反馈中尝试编辑，再使用可见推进入口,是否允许原位改答案、是否锁定、点击后去了哪里；未提供的操作应记录为不适用。,已采集本次实例,#082 红心恢复为5；仍停在错误反馈页，原文本锁定，显示英文 tea 与中文茶。；#083 进入新的对话 Tea or coffee?；听写不能原位编辑。,assets/flows/082.png | assets/flows/083.png,仅支持本次实例，其他条件仍受整体边界限制。
E22,听英语，键入英语词句,E22-retry,继续本课，检查原题何时再次出现,保留题干与课程序列；若课末复现，拍到复现并重新作答；没遇到则标未采集。,待实测；适用性也待核,,,尚无对应中文连续操作证据。
E22,听英语，键入英语词句,E22-correct,提交正确答案，或完成自动判分操作,正确反馈、答案是否锁定、主按钮文案，以及进度和资源变化。,待实测；适用性也待核,,,尚无对应中文连续操作证据。
E22,听英语，键入英语词句,E22-after-correct,点击正确反馈后的推进入口,截取实际去向：下一题、复习、过场或结算；不能只拍继续按钮。,待实测；适用性也待核,,,尚无对应中文连续操作证据。
E22,听英语，键入英语词句,E22-exit,打开退出入口，再取消退出,退出提示、取消后答案是否保留；没有确认框也需记录实际去向。,待实测；适用性也待核,,,尚无对应中文连续操作证据。
E23,按中文词义，选择对应英语词,E23-initial,进入题目，暂不作答,完整题面、中文指令、答案区、进度/心形，以及主按钮初始状态。,已采集本次实例,#017 进入下一道文字选词题“茶”；不是在原看图题内编辑。,assets/flows/017.png,仅支持本次实例，其他条件仍受整体边界限制。
E23,按中文词义，选择对应英语词,E23-empty,保持空答案，检查提交入口,按钮是否禁用；若可点击，点击后的真实结果。禁用应截图，不强行触发。,已采集本次实例,#017 进入下一道文字选词题“茶”；不是在原看图题内编辑。,assets/flows/017.png,仅支持本次实例，其他条件仍受整体边界限制。
E23,按中文词义，选择对应英语词,E23-select,选择一项但暂不提交,选择前后边框、颜色、指示符和主按钮变化。,已采集本次实例,#020 coffee 变蓝；检查可用。,assets/flows/020.png,仅支持本次实例，其他条件仍受整体边界限制。
E23,按中文词义，选择对应英语词,E23-change,换选另一项，再尝试取消当前选择,旧选择是否解除、是否能回到空答案。,部分已采集,#021 选中状态从 coffee 转移到 tea。；#022 hot 为当前蓝色选项；尚未判错。,assets/flows/021.png | assets/flows/022.png,已验证改选；未验证再次点击同一文字选项能否取消。
E23,按中文词义，选择对应英语词,E23-wrong,有意给出错误答案并提交,记录错误发生前的答案及提交后的真实反馈；颜色、文案、正确答案、按钮和心形变化。,已采集本次实例,#022 hot 为当前蓝色选项；尚未判错。；#023 显示正确答案 tea，原选项锁定；红心4变3。,assets/flows/022.png | assets/flows/023.png,仅支持本次实例，其他条件仍受整体边界限制。
E23,按中文词义，选择对应英语词,E23-after-wrong,在错误反馈中尝试编辑，再使用可见推进入口,是否允许原位改答案、是否锁定、点击后去了哪里；未提供的操作应记录为不适用。,已采集本次实例,#023 显示正确答案 tea，原选项锁定；红心4变3。；#024 切换到新的看图题“哪个是咖啡”。,assets/flows/023.png | assets/flows/024.png,仅支持本次实例，其他条件仍受整体边界限制。
E23,按中文词义，选择对应英语词,E23-retry,继续本课，检查原题何时再次出现,保留题干与课程序列；若课末复现，拍到复现并重新作答；没遇到则标未采集。,已采集本次实例,#124 原文字题“茶”及 coffee/hot/tea 三个选项重现，带错题重练。；#125 重练题的正确选项变蓝，等待提交。；#126 同题绿色反馈，标记连对3题。,assets/flows/124.png | assets/flows/125.png | assets/flows/126.png,仅支持本次实例，其他条件仍受整体边界限制。
E23,按中文词义，选择对应英语词,E23-correct,提交正确答案，或完成自动判分操作,正确反馈、答案是否锁定、主按钮文案，以及进度和资源变化。,已采集本次实例,#126 同题绿色反馈，标记连对3题。；#037 coffee 变绿，显示你太棒了和连对2题。,assets/flows/126.png | assets/flows/037.png,仅支持本次实例，其他条件仍受整体边界限制。
E23,按中文词义，选择对应英语词,E23-after-correct,点击正确反馈后的推进入口,截取实际去向：下一题、复习、过场或结算；不能只拍继续按钮。,已采集本次实例,#127 显示鼓励过场“你的辛勤付出得到了回报！”；本帧不是welcome题。；#038 进入英译中词块题 welcome；首次提示可悬停查看词义。,assets/flows/127.png | assets/flows/038.png,仅支持本次实例，其他条件仍受整体边界限制。
E23,按中文词义，选择对应英语词,E23-exit,打开退出入口，再取消退出,退出提示、取消后答案是否保留；没有确认框也需记录实际去向。,已采集本次实例,#034 蓝色选中 coffee，尚未提交。；#035 弹出“现在离开的话，你的进度就没了”；提供继续努力与退出。；#036 返回原题，coffee 的选择仍保留。,assets/flows/034.png | assets/flows/035.png | assets/flows/036.png,仅支持本次实例，其他条件仍受整体边界限制。
S01,故事阅读理解：字面意义、意图与总结,S01-initial,进入题目，暂不作答,完整题面、中文指令、答案区、进度/心形，以及主按钮初始状态。,已采集本次实例,#307 出现“等等！司机刚说的是……”和三个中文选项；上下文可读，继续禁用。,assets/flows/307.png,仅支持本次实例，其他条件仍受整体边界限制。
S01,故事阅读理解：字面意义、意图与总结,S01-empty,保持空答案，检查提交入口,按钮是否禁用；若可点击，点击后的真实结果。禁用应截图，不强行触发。,已采集本次实例,#307 出现“等等！司机刚说的是……”和三个中文选项；上下文可读，继续禁用。,assets/flows/307.png,仅支持本次实例，其他条件仍受整体边界限制。
S01,故事阅读理解：字面意义、意图与总结,S01-select,点击一个候选，观察是否立即判分,是否先形成草稿、是否另有检查；只按实际界面记录。,已采集本次实例,#308 立即标红并出现叉号，无需点击检查。,assets/flows/308.png,仅支持本次实例，其他条件仍受整体边界限制。
S01,故事阅读理解：字面意义、意图与总结,S01-wrong,点击错误候选,即时红色、错误文案、是否揭晓内容与资源变化。,已采集本次实例,#308 立即标红并出现叉号，无需点击检查。；#310 第二个错误项立即标红，第一项保持灰色。,assets/flows/308.png | assets/flows/310.png,仅支持本次实例，其他条件仍受整体边界限制。
S01,故事阅读理解：字面意义、意图与总结,S01-after-wrong,等待错误反馈稳定,错误项恢复可选或禁用，正确路径是否仍在原题。,已采集本次实例,#309 错误项变灰并禁用，另外两项仍可选；继续仍禁用。,assets/flows/309.png,仅支持本次实例，其他条件仍受整体边界限制。
S01,故事阅读理解：字面意义、意图与总结,S01-retry,在同题选择另一个候选,原位继续尝试，不假定必须课末重练。,已采集本次实例,#310 第二个错误项立即标红，第一项保持灰色。；#311 正确项变绿，继续启用；此帧是即时结果，底部反馈动画尚未完整出现。,assets/flows/310.png | assets/flows/311.png,仅支持本次实例，其他条件仍受整体边界限制。
S01,故事阅读理解：字面意义、意图与总结,S01-correct,选择正确项,绿色、锁定、整句揭晓或下一步入口。,已采集本次实例,#311 正确项变绿，继续启用；此帧是即时结果，底部反馈动画尚未完整出现。；#324 立即绿色正确反馈；这是语用理解的独立题，不与第307图拼成同一题。；#345 立即绿色正确；这是结尾总结题的独立实例。,assets/flows/311.png | assets/flows/324.png | assets/flows/345.png,仅支持本次实例，其他条件仍受整体边界限制。
S01,故事阅读理解：字面意义、意图与总结,S01-after-correct,按实际方式推进,故事点击继续、电台自动推进；拍实际下一画面。,已采集本次实例,"#312 原题收起，新增 The directions on my phone say that road is faster…；已实际推进。；#325 司机答应 OK, OK.；上道题已经推进。；#346 出现五组中英词语配对；保留上文，继续禁用。",assets/flows/312.png | assets/flows/325.png | assets/flows/346.png,仅支持本次实例，其他条件仍受整体边界限制。
S01,故事阅读理解：字面意义、意图与总结,S01-exit,打开退出并取消,确认信息、恢复后当前选择是否保留。,待实测；适用性也待核,,,尚无对应中文连续操作证据。
S02,故事词义定位：按中文意义点英语片段,S02-initial,进入题目，暂不作答,完整题面、中文指令、答案区、进度/心形，以及主按钮初始状态。,已采集本次实例,#313 出现“哪一个选项的意思是导航指示？”；原句被拆成可选英语片段，继续禁用。,assets/flows/313.png,仅支持本次实例，其他条件仍受整体边界限制。
S02,故事词义定位：按中文意义点英语片段,S02-empty,保持空答案，检查提交入口,按钮是否禁用；若可点击，点击后的真实结果。禁用应截图，不强行触发。,已采集本次实例,#313 出现“哪一个选项的意思是导航指示？”；原句被拆成可选英语片段，继续禁用。,assets/flows/313.png,仅支持本次实例，其他条件仍受整体边界限制。
S02,故事词义定位：按中文意义点英语片段,S02-select,点击一个候选，观察是否立即判分,是否先形成草稿、是否另有检查；只按实际界面记录。,已采集本次实例,#314 该片段立即标红，未获得继续资格。,assets/flows/314.png,仅支持本次实例，其他条件仍受整体边界限制。
S02,故事词义定位：按中文意义点英语片段,S02-wrong,点击错误候选,即时红色、错误文案、是否揭晓内容与资源变化。,已采集本次实例,#314 该片段立即标红，未获得继续资格。,assets/flows/314.png,仅支持本次实例，其他条件仍受整体边界限制。
S02,故事词义定位：按中文意义点英语片段,S02-after-wrong,等待错误反馈稳定,错误项恢复可选或禁用，正确路径是否仍在原题。,已采集本次实例,#315 road 变灰禁用，其余片段可选；没有重新打开整道题。,assets/flows/315.png,仅支持本次实例，其他条件仍受整体边界限制。
S02,故事词义定位：按中文意义点英语片段,S02-retry,在同题选择另一个候选,原位继续尝试，不假定必须课末重练。,已采集本次实例,#316 正确片段变绿，所有片段锁定，继续可用。,assets/flows/316.png,仅支持本次实例，其他条件仍受整体边界限制。
S02,故事词义定位：按中文意义点英语片段,S02-correct,选择正确项,绿色、锁定、整句揭晓或下一步入口。,已采集本次实例,#316 正确片段变绿，所有片段锁定，继续可用。,assets/flows/316.png,仅支持本次实例，其他条件仍受整体边界限制。
S02,故事词义定位：按中文意义点英语片段,S02-after-correct,按实际方式推进,故事点击继续、电台自动推进；拍实际下一画面。,已采集本次实例,#319 新增司机说他认识本城所有道路的英文台词。,assets/flows/319.png,仅支持本次实例，其他条件仍受整体边界限制。
S02,故事词义定位：按中文意义点英语片段,S02-exit,打开退出并取消,确认信息、恢复后当前选择是否保留。,已采集本次实例,#317 出现“现在离开的话，你的进度就没了”，提供继续努力与退出。；#318 弹层关闭，原正确片段仍保留，未清空答案。,assets/flows/317.png | assets/flows/318.png,仅支持本次实例，其他条件仍受整体边界限制。
S03,故事末尾开放写作,S03-initial,进入题目，暂不作答,完整题面、中文指令、答案区、进度/心形，以及主按钮初始状态。,待实测；适用性也待核,,,尚无对应中文连续操作证据。
S03,故事末尾开放写作,S03-empty,保持空答案，检查提交入口,按钮是否禁用；若可点击，点击后的真实结果。禁用应截图，不强行触发。,待实测；适用性也待核,,,尚无对应中文连续操作证据。
S03,故事末尾开放写作,S03-context,阅读情境与问题，查看提示（若存在）,完整上下文、作答限制和提示开启/关闭状态。,待实测；适用性也待核,,,尚无对应中文连续操作证据。
S03,故事末尾开放写作,S03-compose,输入部分回答，修改后提交,文本编辑、长度要求、发送/检查按钮的变化。,待实测；适用性也待核,,,尚无对应中文连续操作证据。
S03,故事末尾开放写作,S03-off-topic,提交不满足任务的回答（若允许）,是否给语义建议、要求补写、拒收或判错；不强套单选题红绿反馈。,待实测；适用性也待核,,,尚无对应中文连续操作证据。
S03,故事末尾开放写作,S03-revise,根据反馈修改并再次提交（若提供）,反馈与原文如何对应、是否保留旧答案、修改后的结果。,待实测；适用性也待核,,,尚无对应中文连续操作证据。
S03,故事末尾开放写作,S03-complete,完成任务并继续,评价或总结、是否能回看、实际下一页。,待实测；适用性也待核,,,尚无对应中文连续操作证据。
S03,故事末尾开放写作,S03-exit,退出并重进（若可安全恢复）,草稿与对话是否保留、丢弃确认。,待实测；适用性也待核,,,尚无对应中文连续操作证据。
S04,故事短语补全：带回放的缺句选择,S04-initial,进入题目，暂不作答,完整题面、中文指令、答案区、进度/心形，以及主按钮初始状态。,已采集本次实例,"#328 “选择短语”：No, ____ . Why?，旁有回放，三个英语短语候选；作答前缺失片段不可见。",assets/flows/328.png,仅支持本次实例，其他条件仍受整体边界限制。
S04,故事短语补全：带回放的缺句选择,S04-empty,保持空答案，检查提交入口,按钮是否禁用；若可点击，点击后的真实结果。禁用应截图，不强行触发。,已采集本次实例,"#328 “选择短语”：No, ____ . Why?，旁有回放，三个英语短语候选；作答前缺失片段不可见。",assets/flows/328.png,仅支持本次实例，其他条件仍受整体边界限制。
S04,故事短语补全：带回放的缺句选择,S04-select,点击一个候选，观察是否立即判分,是否先形成草稿、是否另有检查；只按实际界面记录。,已采集本次实例,#329 片段立即标红；不需要检查按钮。,assets/flows/329.png,仅支持本次实例，其他条件仍受整体边界限制。
S04,故事短语补全：带回放的缺句选择,S04-wrong,点击错误候选,即时红色、错误文案、是否揭晓内容与资源变化。,已采集本次实例,#329 片段立即标红；不需要检查按钮。,assets/flows/329.png,仅支持本次实例，其他条件仍受整体边界限制。
S04,故事短语补全：带回放的缺句选择,S04-after-wrong,等待错误反馈稳定,错误项恢复可选或禁用，正确路径是否仍在原题。,已采集本次实例,#330 错误候选变灰，空位仍在，其他候选可选。,assets/flows/330.png,仅支持本次实例，其他条件仍受整体边界限制。
S04,故事短语补全：带回放的缺句选择,S04-retry,在同题选择另一个候选,原位继续尝试，不假定必须课末重练。,已采集本次实例,"#331 候选变绿，整句补全 No, I'm going shopping. Why?；继续启用。",assets/flows/331.png,仅支持本次实例，其他条件仍受整体边界限制。
S04,故事短语补全：带回放的缺句选择,S04-correct,选择正确项,绿色、锁定、整句揭晓或下一步入口。,已采集本次实例,"#331 候选变绿，整句补全 No, I'm going shopping. Why?；继续启用。",assets/flows/331.png,仅支持本次实例，其他条件仍受整体边界限制。
S04,故事短语补全：带回放的缺句选择,S04-after-correct,按实际方式推进,故事点击继续、电台自动推进；拍实际下一画面。,已采集本次实例,#332 司机说道路止于河边，已推进到后文。,assets/flows/332.png,仅支持本次实例，其他条件仍受整体边界限制。
S04,故事短语补全：带回放的缺句选择,S04-exit,打开退出并取消,确认信息、恢复后当前选择是否保留。,待实测；适用性也待核,,,尚无对应中文连续操作证据。
S05,故事听音重组：逐片段接受正确前缀,S05-initial,进入题目，暂不作答,完整题面、中文指令、答案区、进度/心形，以及主按钮初始状态。,已采集本次实例,#334 “重组听到的句子”：气泡文字隐藏，三个片段 are wrong / directions / I think my；继续禁用。,assets/flows/334.png,仅支持本次实例，其他条件仍受整体边界限制。
S05,故事听音重组：逐片段接受正确前缀,S05-empty,保持空答案，检查提交入口,按钮是否禁用；若可点击，点击后的真实结果。禁用应截图，不强行触发。,已采集本次实例,#334 “重组听到的句子”：气泡文字隐藏，三个片段 are wrong / directions / I think my；继续禁用。,assets/flows/334.png,仅支持本次实例，其他条件仍受整体边界限制。
S05,故事听音重组：逐片段接受正确前缀,S05-wrong,点错误位置的片段,片段是否插入答案，红色如何反馈。,已采集本次实例,#335 错误片段标红，但没有插入答案区。,assets/flows/335.png,仅支持本次实例，其他条件仍受整体边界限制。
S05,故事听音重组：逐片段接受正确前缀,S05-after-wrong,等待错误反馈结束,片段能否再次使用。,已采集本次实例,#336 are wrong 恢复可选；与故事词义选择的错误项永久变灰不同。,assets/flows/336.png,仅支持本次实例，其他条件仍受整体边界限制。
S05,故事听音重组：逐片段接受正确前缀,S05-prefix,选择正确前缀,文字逐步揭晓、已用片段禁用。,已采集本次实例,#337 接受正确前缀并在气泡中显示，对应按钮禁用；其余片段仍可选。,assets/flows/337.png,仅支持本次实例，其他条件仍受整体边界限制。
S05,故事听音重组：逐片段接受正确前缀,S05-wrong-after-prefix,已有前缀后选择错误片段,已完成部分是否保留。,已采集本次实例,#338 当前片段标红，已经接受的 I think my 保留。,assets/flows/338.png,仅支持本次实例，其他条件仍受整体边界限制。
S05,故事听音重组：逐片段接受正确前缀,S05-retry,继续选正确片段,原位恢复与顺序。,已采集本次实例,#339 气泡增加 directions，已用片段禁用，只剩 are wrong 可用。,assets/flows/339.png,仅支持本次实例，其他条件仍受整体边界限制。
S05,故事听音重组：逐片段接受正确前缀,S05-correct,补全最后片段,是否自动完成、是否另有检查。,已采集本次实例,#340 整句 I think my directions are wrong. 出现，自动绿色反馈与继续；每个片段即时判定。,assets/flows/340.png,仅支持本次实例，其他条件仍受整体边界限制。
S05,故事听音重组：逐片段接受正确前缀,S05-after-correct,点击继续,实际后续台词。,已采集本次实例,#341 新增 I'm so sorry.，重组题已推进。,assets/flows/341.png,仅支持本次实例，其他条件仍受整体边界限制。
S05,故事听音重组：逐片段接受正确前缀,S05-play,重播音频,画面与声音质量分开核对。,待实测；适用性也待核,,,尚无对应中文连续操作证据。
S05,故事听音重组：逐片段接受正确前缀,S05-exit,打开退出并取消,正确前缀是否保留。,待实测；适用性也待核,,,尚无对应中文连续操作证据。
R01,Radio：找出听到的两个英语单词,R01-initial,进入题目，暂不作答,完整题面、中文指令、答案区、进度/心形，以及主按钮初始状态。,已采集本次实例,#523 选择你听到的2个单词：class/favorite/boring。此前尝试暂停时题目已经覆盖控件，点击未成功；此图不是暂停成功证据。,assets/flows/523.png,仅支持本次实例，其他条件仍受整体边界限制。
R01,Radio：找出听到的两个英语单词,R01-empty,保持空答案，检查提交入口,按钮是否禁用；若可点击，点击后的真实结果。禁用应截图，不强行触发。,已采集本次实例,#523 选择你听到的2个单词：class/favorite/boring。此前尝试暂停时题目已经覆盖控件，点击未成功；此图不是暂停成功证据。,assets/flows/523.png,仅支持本次实例，其他条件仍受整体边界限制。
R01,Radio：找出听到的两个英语单词,R01-wrong,点击错误词,是否逐词判定，错误项之后是否可选。,已采集本次实例,#524 该词立即变红；不是先选满两项再统一判分。,assets/flows/524.png,仅支持本次实例，其他条件仍受整体边界限制。
R01,Radio：找出听到的两个英语单词,R01-after-wrong,等待错误状态稳定,是否保留其他词，是否能原位继续。,已采集本次实例,#525 boring 变灰禁用，其余两个词仍可点。,assets/flows/525.png,仅支持本次实例，其他条件仍受整体边界限制。
R01,Radio：找出听到的两个英语单词,R01-first-correct,找到一个正确词,只完成部分要求时是否锁定/推进。,已采集本次实例,#526 第一个正确词即时变绿，尚未完成两词要求。；#527 class 保持绿色锁定，favorite 仍可点，未自动进入下一段。,assets/flows/526.png | assets/flows/527.png,仅支持本次实例，其他条件仍受整体边界限制。
R01,Radio：找出听到的两个英语单词,R01-selection-count,完成要求的两个词,是否自动结束、有无额外提交或多选上限提示。,已采集本次实例,#527 class 保持绿色锁定，favorite 仍可点，未自动进入下一段。；#528 两词都绿，任务达到要求数量后自动推进。；#529 “她喜欢学习”，候选“关于新地方/关于旧地方”；本屏不展示完整英语台词。,assets/flows/527.png | assets/flows/528.png | assets/flows/529.png,仅支持本次实例，其他条件仍受整体边界限制。
R01,Radio：找出听到的两个英语单词,R01-correct,选齐目标词,全部正确状态及进度。,已采集本次实例,#528 两词都绿，任务达到要求数量后自动推进。,assets/flows/528.png,仅支持本次实例，其他条件仍受整体边界限制。
R01,Radio：找出听到的两个英语单词,R01-after-correct,等待实际下一段,自动推进后画面或下一题。,已采集本次实例,#529 “她喜欢学习”，候选“关于新地方/关于旧地方”；本屏不展示完整英语台词。,assets/flows/529.png,仅支持本次实例，其他条件仍受整体边界限制。
R01,Radio：找出听到的两个英语单词,R01-play,重播问题音频,按钮变化与听验分别记录。,待实测；适用性也待核,,,尚无对应中文连续操作证据。
R01,Radio：找出听到的两个英语单词,R01-exit,退出后取消,已完成词是否保留。,待实测；适用性也待核,,,尚无对应中文连续操作证据。
R02,Radio：英语声音配中文释义,R02-initial,进入题目，暂不作答,完整题面、中文指令、答案区、进度/心形，以及主按钮初始状态。,已采集本次实例,#502 莉莉演播室上方为进度和无限红心；下方选择配对，四个声音与年、学校、图片、法语。,assets/flows/502.png,仅支持本次实例，其他条件仍受整体边界限制。
R02,Radio：英语声音配中文释义,R02-audio-controls,播放、重播与慢速播放（按实际入口）,控件操作截图与声音证据分开记录，截图不能证明声音正常。,部分已采集,#503 左侧音频蓝色选中，尚未配对。,assets/flows/503.png,只操作声音按钮，未保存音轨或听验；没有慢速操作证据。
R02,Radio：英语声音配中文释义,R02-empty,保持空答案，检查提交入口,按钮是否禁用；若可点击，点击后的真实结果。禁用应截图，不强行触发。,已采集本次实例,#502 莉莉演播室上方为进度和无限红心；下方选择配对，四个声音与年、学校、图片、法语。,assets/flows/502.png,仅支持本次实例，其他条件仍受整体边界限制。
R02,Radio：英语声音配中文释义,R02-first-side,点左侧或右侧的一张卡,单边选中态；是否允许两种起始方向。,已采集本次实例,#503 左侧音频蓝色选中，尚未配对。；#509 中文选项蓝色高亮，证实可从右列开始。,assets/flows/503.png | assets/flows/509.png,仅支持本次实例，其他条件仍受整体边界限制。
R02,Radio：英语声音配中文释义,R02-reselect,点同一卡或同列另一卡,取消/换选规则，以及高亮如何改变。,待实测；适用性也待核,,,尚无对应中文连续操作证据。
R02,Radio：英语声音配中文释义,R02-wrong-pair,选一个不匹配的另一侧项目,错误刚出现的反馈、反馈稳定后状态；是否扣资源、是否自动解除选择。,已采集本次实例,#507 错误对立即红色，已完成 year 保留。；#508 错误对恢复可选；仍在同一题，不用重新进入。；#510 该配对也错误，学校与声音2标红。,assets/flows/507.png | assets/flows/508.png | assets/flows/510.png,仅支持本次实例，其他条件仍受整体边界限制。
R02,Radio：英语声音配中文释义,R02-pair-recovery,错误后再选一对正确项目,哪些项目仍可操作，是否保留上次选择。,已采集本次实例,#508 错误对恢复可选；仍在同一题，不用重新进入。；#511 绿色正确，并揭示 French。,assets/flows/508.png | assets/flows/511.png,仅支持本次实例，其他条件仍受整体边界限制。
R02,Radio：英语声音配中文释义,R02-correct-pair,配对正确，但不完成全部,正确颜色、禁用/消失、后续可选项目。,已采集本次实例,#504 配对正确变绿，声音卡揭示英语拼写 year。；#505 year/年变浅禁用，其他三对仍可选。,assets/flows/504.png | assets/flows/505.png,仅支持本次实例，其他条件仍受整体边界限制。
R02,Radio：英语声音配中文释义,R02-all-pairs,完成所有剩余配对,是否自动判分、是否还有检查按钮、完成反馈与推进入口。,已采集本次实例,#514 正确并揭示 pictures。；#515 单边蓝色高亮，之前配对保留。；#516 最后一对正确并揭示 school，进度开始推进；没有检查或继续按钮。,assets/flows/514.png | assets/flows/515.png | assets/flows/516.png,仅支持本次实例，其他条件仍受整体边界限制。
R02,Radio：英语声音配中文释义,R02-after-correct,点击推进入口,实际下一题或结算画面。,已采集本次实例,#517 配对区域消失，恢复角色对话播放，底部回退5秒/暂停/前进控件；本帧前进为灰色。,assets/flows/517.png,仅支持本次实例，其他条件仍受整体边界限制。
R02,Radio：英语声音配中文释义,R02-exit,打开退出入口，再取消退出,已配对状态是否保留。,待实测；适用性也待核,,,尚无对应中文连续操作证据。
R03,Radio：判断中文陈述与英语内容是否一致,R03-initial,进入题目，暂不作答,完整题面、中文指令、答案区、进度/心形，以及主按钮初始状态。,已采集本次实例,#518 “她去年在学校学习了西班牙语。”；音频波形与勾/叉二选一，作答前英文句子隐藏。,assets/flows/518.png,仅支持本次实例，其他条件仍受整体边界限制。
R03,Radio：判断中文陈述与英语内容是否一致,R03-empty,保持空答案，检查提交入口,按钮是否禁用；若可点击，点击后的真实结果。禁用应截图，不强行触发。,已采集本次实例,#518 “她去年在学校学习了西班牙语。”；音频波形与勾/叉二选一，作答前英文句子隐藏。,assets/flows/518.png,仅支持本次实例，其他条件仍受整体边界限制。
R03,Radio：判断中文陈述与英语内容是否一致,R03-select,点击一个候选，观察是否立即判分,是否先形成草稿、是否另有检查；只按实际界面记录。,已采集本次实例,#519 立即标红，揭示 I learned French at school last year.，帮助比对 French 与西班牙语。,assets/flows/519.png,仅支持本次实例，其他条件仍受整体边界限制。
R03,Radio：判断中文陈述与英语内容是否一致,R03-wrong,点击错误候选,即时红色、错误文案、是否揭晓内容与资源变化。,已采集本次实例,#519 立即标红，揭示 I learned French at school last year.，帮助比对 French 与西班牙语。,assets/flows/519.png,仅支持本次实例，其他条件仍受整体边界限制。
R03,Radio：判断中文陈述与英语内容是否一致,R03-after-wrong,等待错误反馈稳定,错误项恢复可选或禁用，正确路径是否仍在原题。,已采集本次实例,#520 勾选项变灰禁用；叉仍可点，英文句子保留。,assets/flows/520.png,仅支持本次实例，其他条件仍受整体边界限制。
R03,Radio：判断中文陈述与英语内容是否一致,R03-retry,在同题选择另一个候选,原位继续尝试，不假定必须课末重练。,已采集本次实例,#521 绿色正确，进度推进；不需要再点检查。,assets/flows/521.png,仅支持本次实例，其他条件仍受整体边界限制。
R03,Radio：判断中文陈述与英语内容是否一致,R03-correct,选择正确项,绿色、锁定、整句揭晓或下一步入口。,已采集本次实例,#521 绿色正确，进度推进；不需要再点检查。,assets/flows/521.png,仅支持本次实例，其他条件仍受整体边界限制。
R03,Radio：判断中文陈述与英语内容是否一致,R03-after-correct,按实际方式推进,故事点击继续、电台自动推进；拍实际下一画面。,已采集本次实例,#522 问题收起，恢复角色对话与播放控件。,assets/flows/522.png,仅支持本次实例，其他条件仍受整体边界限制。
R03,Radio：判断中文陈述与英语内容是否一致,R03-exit,打开退出并取消,确认信息、恢复后当前选择是否保留。,待实测；适用性也待核,,,尚无对应中文连续操作证据。
R04,Radio 听音选择图片,R04-initial,进入题目，暂不作答,完整题面、中文指令、答案区、进度/心形，以及主按钮初始状态。,待实测；适用性也待核,,,尚无对应中文连续操作证据。
R04,Radio 听音选择图片,R04-empty,保持空答案，检查提交入口,按钮是否禁用；若可点击，点击后的真实结果。禁用应截图，不强行触发。,待实测；适用性也待核,,,尚无对应中文连续操作证据。
R04,Radio 听音选择图片,R04-play,首次播放音频，再重播,播放中和停止后的按钮状态；声音另行听验，截图不能证明声音正常。,待实测；适用性也待核,,,尚无对应中文连续操作证据。
R04,Radio 听音选择图片,R04-rate,操作慢速播放（若存在）,切换控件与播放状态；无入口则标不适用。,待实测；适用性也待核,,,尚无对应中文连续操作证据。
R04,Radio 听音选择图片,R04-select,选择答案，再改选,单选/多选规则、要求数量与主按钮是否可用。,待实测；适用性也待核,,,尚无对应中文连续操作证据。
R04,Radio 听音选择图片,R04-skip-audio,打开不做听力/跳过入口（若存在）,真实提示、替代题或跳题结果，是否影响本课后续听力。,待实测；适用性也待核,,,尚无对应中文连续操作证据。
R04,Radio 听音选择图片,R04-wrong,有意给出错误答案并提交,记录错误发生前的答案及提交后的真实反馈；颜色、文案、正确答案、按钮和心形变化。,待实测；适用性也待核,,,尚无对应中文连续操作证据。
R04,Radio 听音选择图片,R04-after-wrong,在错误反馈中尝试编辑，再使用可见推进入口,是否允许原位改答案、是否锁定、点击后去了哪里；未提供的操作应记录为不适用。,待实测；适用性也待核,,,尚无对应中文连续操作证据。
R04,Radio 听音选择图片,R04-retry,继续本课，检查原题何时再次出现,保留题干与课程序列；若课末复现，拍到复现并重新作答；没遇到则标未采集。,待实测；适用性也待核,,,尚无对应中文连续操作证据。
R04,Radio 听音选择图片,R04-correct,提交正确答案，或完成自动判分操作,正确反馈、答案是否锁定、主按钮文案，以及进度和资源变化。,待实测；适用性也待核,,,尚无对应中文连续操作证据。
R04,Radio 听音选择图片,R04-after-correct,点击正确反馈后的推进入口,截取实际去向：下一题、复习、过场或结算；不能只拍继续按钮。,待实测；适用性也待核,,,尚无对应中文连续操作证据。
R04,Radio 听音选择图片,R04-exit,打开退出入口，再取消退出,退出提示、取消后答案是否保留；没有确认框也需记录实际去向。,待实测；适用性也待核,,,尚无对应中文连续操作证据。
R05,Radio：中文选项核对节目内容,R05-initial,进入题目，暂不作答,完整题面、中文指令、答案区、进度/心形，以及主按钮初始状态。,已采集本次实例,#529 “她喜欢学习”，候选“关于新地方/关于旧地方”；本屏不展示完整英语台词。,assets/flows/529.png,仅支持本次实例，其他条件仍受整体边界限制。
R05,Radio：中文选项核对节目内容,R05-empty,保持空答案，检查提交入口,按钮是否禁用；若可点击，点击后的真实结果。禁用应截图，不强行触发。,已采集本次实例,#529 “她喜欢学习”，候选“关于新地方/关于旧地方”；本屏不展示完整英语台词。,assets/flows/529.png,仅支持本次实例，其他条件仍受整体边界限制。
R05,Radio：中文选项核对节目内容,R05-select,点击一个候选，观察是否立即判分,是否先形成草稿、是否另有检查；只按实际界面记录。,已采集本次实例,#530 即时标红。,assets/flows/530.png,仅支持本次实例，其他条件仍受整体边界限制。
R05,Radio：中文选项核对节目内容,R05-wrong,点击错误候选,即时红色、错误文案、是否揭晓内容与资源变化。,已采集本次实例,#530 即时标红。,assets/flows/530.png,仅支持本次实例，其他条件仍受整体边界限制。
R05,Radio：中文选项核对节目内容,R05-after-wrong,等待错误反馈稳定,错误项恢复可选或禁用，正确路径是否仍在原题。,已采集本次实例,#531 错误候选变灰禁用，另一选项可点。,assets/flows/531.png,仅支持本次实例，其他条件仍受整体边界限制。
R05,Radio：中文选项核对节目内容,R05-retry,在同题选择另一个候选,原位继续尝试，不假定必须课末重练。,已采集本次实例,#532 绿色正确，进度推进。,assets/flows/532.png,仅支持本次实例，其他条件仍受整体边界限制。
R05,Radio：中文选项核对节目内容,R05-correct,选择正确项,绿色、锁定、整句揭晓或下一步入口。,已采集本次实例,#532 绿色正确，进度推进。,assets/flows/532.png,仅支持本次实例，其他条件仍受整体边界限制。
R05,Radio：中文选项核对节目内容,R05-after-correct,按实际方式推进,故事点击继续、电台自动推进；拍实际下一画面。,已采集本次实例,#533 问题收起并继续播放，进度到末端；尚非结算画面。；#534 实际结算显示30经验、0%，并提供查看文本；本次每类任务都有试错，数值不能当作学习成效。,assets/flows/533.png | assets/flows/534.png,仅支持本次实例，其他条件仍受整体边界限制。
R05,Radio：中文选项核对节目内容,R05-exit,打开退出并取消,确认信息、恢复后当前选择是否保留。,待实测；适用性也待核,,,尚无对应中文连续操作证据。
A01,Adventures 场景探索/点物/读标牌,A01-initial,进入题目，暂不作答,完整题面、中文指令、答案区、进度/心形，以及主按钮初始状态。,待实测；适用性也待核,,,尚无对应中文连续操作证据。
A01,Adventures 场景探索/点物/读标牌,A01-move,点击可走区域，再点不可交互区域,移动/无反应反馈与边界；不能把无语言判分的走动算答对。,待实测；适用性也待核,,,尚无对应中文连续操作证据。
A01,Adventures 场景探索/点物/读标牌,A01-object,点击物体或标牌,高亮、文字提示、关闭与重开。,待实测；适用性也待核,,,尚无对应中文连续操作证据。
A01,Adventures 场景探索/点物/读标牌,A01-dialogue,触发角色对话，再返回场景,场景与对话切换、目标是否更新；回应判分另见 A02。,待实测；适用性也待核,,,尚无对应中文连续操作证据。
A01,Adventures 场景探索/点物/读标牌,A01-exit,退出并返回场景（若提供）,位置、目标与已触发事件是否保留。,待实测；适用性也待核,,,尚无对应中文连续操作证据。
A02,Adventures 英语回应选择,A02-initial,进入题目，暂不作答,完整题面、中文指令、答案区、进度/心形，以及主按钮初始状态。,待实测；适用性也待核,,,尚无对应中文连续操作证据。
A02,Adventures 英语回应选择,A02-empty,保持空答案，检查提交入口,按钮是否禁用；若可点击，点击后的真实结果。禁用应截图，不强行触发。,待实测；适用性也待核,,,尚无对应中文连续操作证据。
A02,Adventures 英语回应选择,A02-select,选择一项但暂不提交,选择前后边框、颜色、指示符和主按钮变化。,待实测；适用性也待核,,,尚无对应中文连续操作证据。
A02,Adventures 英语回应选择,A02-change,换选另一项，再尝试取消当前选择,旧选择是否解除、是否能回到空答案。,待实测；适用性也待核,,,尚无对应中文连续操作证据。
A02,Adventures 英语回应选择,A02-wrong,有意给出错误答案并提交,记录错误发生前的答案及提交后的真实反馈；颜色、文案、正确答案、按钮和心形变化。,待实测；适用性也待核,,,尚无对应中文连续操作证据。
A02,Adventures 英语回应选择,A02-after-wrong,在错误反馈中尝试编辑，再使用可见推进入口,是否允许原位改答案、是否锁定、点击后去了哪里；未提供的操作应记录为不适用。,待实测；适用性也待核,,,尚无对应中文连续操作证据。
A02,Adventures 英语回应选择,A02-retry,继续本课，检查原题何时再次出现,保留题干与课程序列；若课末复现，拍到复现并重新作答；没遇到则标未采集。,待实测；适用性也待核,,,尚无对应中文连续操作证据。
A02,Adventures 英语回应选择,A02-correct,提交正确答案，或完成自动判分操作,正确反馈、答案是否锁定、主按钮文案，以及进度和资源变化。,待实测；适用性也待核,,,尚无对应中文连续操作证据。
A02,Adventures 英语回应选择,A02-after-correct,点击正确反馈后的推进入口,截取实际去向：下一题、复习、过场或结算；不能只拍继续按钮。,待实测；适用性也待核,,,尚无对应中文连续操作证据。
A02,Adventures 英语回应选择,A02-exit,打开退出入口，再取消退出,退出提示、取消后答案是否保留；没有确认框也需记录实际去向。,待实测；适用性也待核,,,尚无对应中文连续操作证据。
M01,Roleplay 英语多轮文字情境聊天（中文覆盖待核）,M01-initial,进入题目，暂不作答,完整题面、中文指令、答案区、进度/心形，以及主按钮初始状态。,待实测；适用性也待核,,,尚无对应中文连续操作证据。
M01,Roleplay 英语多轮文字情境聊天（中文覆盖待核）,M01-empty,保持空答案，检查提交入口,按钮是否禁用；若可点击，点击后的真实结果。禁用应截图，不强行触发。,待实测；适用性也待核,,,尚无对应中文连续操作证据。
M01,Roleplay 英语多轮文字情境聊天（中文覆盖待核）,M01-context,阅读情境与问题，查看提示（若存在）,完整上下文、作答限制和提示开启/关闭状态。,待实测；适用性也待核,,,尚无对应中文连续操作证据。
M01,Roleplay 英语多轮文字情境聊天（中文覆盖待核）,M01-compose,输入部分回答，修改后提交,文本编辑、长度要求、发送/检查按钮的变化。,待实测；适用性也待核,,,尚无对应中文连续操作证据。
M01,Roleplay 英语多轮文字情境聊天（中文覆盖待核）,M01-off-topic,提交不满足任务的回答（若允许）,是否给语义建议、要求补写、拒收或判错；不强套单选题红绿反馈。,待实测；适用性也待核,,,尚无对应中文连续操作证据。
M01,Roleplay 英语多轮文字情境聊天（中文覆盖待核）,M01-revise,根据反馈修改并再次提交（若提供）,反馈与原文如何对应、是否保留旧答案、修改后的结果。,待实测；适用性也待核,,,尚无对应中文连续操作证据。
M01,Roleplay 英语多轮文字情境聊天（中文覆盖待核）,M01-complete,完成任务并继续,评价或总结、是否能回看、实际下一页。,待实测；适用性也待核,,,尚无对应中文连续操作证据。
M01,Roleplay 英语多轮文字情境聊天（中文覆盖待核）,M01-exit,退出并重进（若可安全恢复）,草稿与对话是否保留、丢弃确认。,待实测；适用性也待核,,,尚无对应中文连续操作证据。
M02,Video Call with Lily 英语自由对话,M02-initial,进入题目，暂不作答,完整题面、中文指令、答案区、进度/心形，以及主按钮初始状态。,待实测；适用性也待核,,,尚无对应中文连续操作证据。
M02,Video Call with Lily 英语自由对话,M02-start,进入通话前说明，再启动,情境、目标、权限、连接中与接通画面。,待实测；适用性也待核,,,尚无对应中文连续操作证据。
M02,Video Call with Lily 英语自由对话,M02-turn,完成一轮听与说,角色发言、用户轮次、字幕/提示、等待识别状态。,待实测；适用性也待核,,,尚无对应中文连续操作证据。
M02,Video Call with Lily 英语自由对话,M02-clarify,请求重复或未能回答时继续,如何澄清、提示或追问；不假定存在固定判错。,待实测；适用性也待核,,,尚无对应中文连续操作证据。
M02,Video Call with Lily 英语自由对话,M02-recover,处理中断或未识别情况,重连/重录/退出的实际入口；真实故障无法安全复现时记录缺口。,待实测；适用性也待核,,,尚无对应中文连续操作证据。
M02,Video Call with Lily 英语自由对话,M02-end,结束通话并查看结果,总结、转录、建议、下一步及回看入口。,待实测；适用性也待核,,,尚无对应中文连续操作证据。
M03,Video Call with Falstaff 英语引导对话,M03-initial,进入题目，暂不作答,完整题面、中文指令、答案区、进度/心形，以及主按钮初始状态。,待实测；适用性也待核,,,尚无对应中文连续操作证据。
M03,Video Call with Falstaff 英语引导对话,M03-start,进入通话前说明，再启动,情境、目标、权限、连接中与接通画面。,待实测；适用性也待核,,,尚无对应中文连续操作证据。
M03,Video Call with Falstaff 英语引导对话,M03-turn,完成一轮听与说,角色发言、用户轮次、字幕/提示、等待识别状态。,待实测；适用性也待核,,,尚无对应中文连续操作证据。
M03,Video Call with Falstaff 英语引导对话,M03-clarify,请求重复或未能回答时继续,如何澄清、提示或追问；不假定存在固定判错。,待实测；适用性也待核,,,尚无对应中文连续操作证据。
M03,Video Call with Falstaff 英语引导对话,M03-recover,处理中断或未识别情况,重连/重录/退出的实际入口；真实故障无法安全复现时记录缺口。,待实测；适用性也待核,,,尚无对应中文连续操作证据。
M03,Video Call with Falstaff 英语引导对话,M03-end,结束通话并查看结果,总结、转录、建议、下一步及回看入口。,待实测；适用性也待核,,,尚无对应中文连续操作证据。
